Position, Date, Time, PM2.5, Unit, PM2.5 TWA, Unit, TWA Hour, Humidity, Unit, Temp., Unit, CO2, Unit, Baro, Unit, Health Index
286,21/01/2022,12:15:43,12,ug/m^3,0,ug/m^3,24,35.7,%RH,16.3,DEGREE C,558,CO2 ppm,1037.6,hPa,2
287,21/01/2022,12:15:46,12,ug/m^3,0,ug/m^3,24,35.4,%RH,16.3,DEGREE C,558,CO2 ppm,1037.6,hPa,2
288,21/01/2022,12:15:48,12,ug/m^3,0,ug/m^3,24,35.4,%RH,16.4,DEGREE C,558,CO2 ppm,1037.6,hPa,2
289,21/01/2022,12:15:50,12,ug/m^3,0,ug/m^3,24,35.4,%RH,16.4,DEGREE C,558,CO2 ppm,1037.6,hPa,2
290,21/01/2022,12:15:52,13,ug/m^3,0,ug/m^3,24,35.3,%RH,16.4,DEGREE C,562,CO2 ppm,1037.5,hPa,2
291,21/01/2022,12:15:54,13,ug/m^3,0,ug/m^3,24,35.1,%RH,16.5,DEGREE C,566,CO2 ppm,1037.5,hPa,2
292,21/01/2022,12:15:56,13,ug/m^3,0,ug/m^3,24,35.1,%RH,16.5,DEGREE C,571,CO2 ppm,1037.6,hPa,2
293,21/01/2022,12:15:58,13,ug/m^3,0,ug/m^3,24,35.3,%RH,16.5,DEGREE C,575,CO2 ppm,1037.7,hPa,2
294,21/01/2022,12:16:00,14,ug/m^3,0,ug/m^3,24,35.4,%RH,16.5,DEGREE C,580,CO2 ppm,1037.6,hPa,2
295,21/01/2022,12:16:02,14,ug/m^3,0,ug/m^3,24,35.5,%RH,16.6,DEGREE C,585,CO2 ppm,1037.5,hPa,2
296,21/01/2022,12:16:04,14,ug/m^3,0,ug/m^3,24,35.5,%RH,16.6,DEGREE C,585,CO2 ppm,1037.5,hPa,2
297,21/01/2022,12:16:06,14,ug/m^3,0,ug/m^3,24,35.9,%RH,16.6,DEGREE C,590,CO2 ppm,1037.5,hPa,2
298,21/01/2022,12:16:08,13,ug/m^3,0,ug/m^3,24,35.7,%RH,16.6,DEGREE C,595,CO2 ppm,1037.5,hPa,2
299,21/01/2022,12:16:10,12,ug/m^3,0,ug/m^3,24,35.3,%RH,16.6,DEGREE C,601,CO2 ppm,1037.5,hPa,2
300,21/01/2022,12:16:12,12,ug/m^3,0,ug/m^3,24,35.3,%RH,16.6,DEGREE C,607,CO2 ppm,1037.5,hPa,2
301,21/01/2022,12:16:14,12,ug/m^3,0,ug/m^3,24,35.4,%RH,16.7,DEGREE C,607,CO2 ppm,1037.5,hPa,2
302,21/01/2022,12:16:16,12,ug/m^3,0,ug/m^3,24,35.4,%RH,16.7,DEGREE C,658,CO2 ppm,1037.5,hPa,2
303,21/01/2022,12:16:18,11,ug/m^3,0,ug/m^3,24,34.8,%RH,16.8,DEGREE C,661,CO2 ppm,1037.5,hPa,1
304,21/01/2022,12:16:20,11,ug/m^3,0,ug/m^3,24,34.8,%RH,16.8,DEGREE C,668,CO2 ppm,1037.5,hPa,1
305,21/01/2022,12:16:22,11,ug/m^3,0,ug/m^3,24,34.8,%RH,16.8,DEGREE C,675,CO2 ppm,1037.3,hPa,1
306,21/01/2022,12:16:24,10,ug/m^3,0,ug/m^3,24,34.9,%RH,16.8,DEGREE C,783,CO2 ppm,1037.3,hPa,1
307,21/01/2022,12:16:26,10,ug/m^3,0,ug/m^3,24,34.9,%RH,16.9,DEGREE C,783,CO2 ppm,1037.4,hPa,1
308,21/01/2022,12:16:28,10,ug/m^3,0,ug/m^3,24,34.8,%RH,16.9,DEGREE C,783,CO2 ppm,1037.3,hPa,1
309,21/01/2022,12:16:30,10,ug/m^3,0,ug/m^3,24,34.8,%RH,16.9,DEGREE C,783,CO2 ppm,1037.3,hPa,1
310,21/01/2022,12:16:32,10,ug/m^3,0,ug/m^3,24,34.8,%RH,16.9,DEGREE C,783,CO2 ppm,1037.3,hPa,1
311,21/01/2022,12:16:34,10,ug/m^3,0,ug/m^3,24,34.8,%RH,16.9,DEGREE C,784,CO2 ppm,1037.3,hPa,1
312,21/01/2022,12:16:36,10,ug/m^3,0,ug/m^3,24,34.8,%RH,16.9,DEGREE C,784,CO2 ppm,1037.3,hPa,1
313,21/01/2022,12:16:38,10,ug/m^3,0,ug/m^3,24,34.8,%RH,16.9,DEGREE C,784,CO2 ppm,1037.3,hPa,1
314,21/01/2022,12:16:40,10,ug/m^3,0,ug/m^3,24,34.8,%RH,16.9,DEGREE C,784,CO2 ppm,1037.3,hPa,1
315,21/01/2022,12:16:42,10,ug/m^3,0,ug/m^3,24,34.8,%RH,16.9,DEGREE C,784,CO2 ppm,1037.3,hPa,1
316,21/01/2022,12:16:44,10,ug/m^3,0,ug/m^3,24,34.8,%RH,16.9,DEGREE C,784,CO2 ppm,1037.3,hPa,1
317,21/01/2022,12:16:46,10,ug/m^3,0,ug/m^3,24,34.8,%RH,16.9,DEGREE C,784,CO2 ppm,1037.3,hPa,1
318,21/01/2022,12:16:48,10,ug/m^3,0,ug/m^3,24,34.7,%RH,16.9,DEGREE C,783,CO2 ppm,1037.6,hPa,1
319,21/01/2022,12:16:50,10,ug/m^3,0,ug/m^3,24,34.7,%RH,17,DEGREE C,783,CO2 ppm,1037.6,hPa,1
320,21/01/2022,12:16:52,10,ug/m^3,0,ug/m^3,24,34.7,%RH,17,DEGREE C,783,CO2 ppm,1037.6,hPa,1
321,21/01/2022,12:16:54,10,ug/m^3,0,ug/m^3,24,34.6,%RH,17,DEGREE C,782,CO2 ppm,1037.5,hPa,1
322,21/01/2022,12:16:56,10,ug/m^3,0,ug/m^3,24,34.7,%RH,17,DEGREE C,779,CO2 ppm,1037.6,hPa,1
323,21/01/2022,12:16:58,10,ug/m^3,0,ug/m^3,24,34.8,%RH,17,DEGREE C,775,CO2 ppm,1037.6,hPa,1
324,21/01/2022,12:17:00,10,ug/m^3,0,ug/m^3,24,34.8,%RH,17.1,DEGREE C,775,CO2 ppm,1037.6,hPa,1
325,21/01/2022,12:17:02,10,ug/m^3,0,ug/m^3,24,34.8,%RH,17.1,DEGREE C,775,CO2 ppm,1037.6,hPa,1
326,21/01/2022,12:17:04,19,ug/m^3,0,ug/m^3,24,35.1,%RH,17.2,DEGREE C,769,CO2 ppm,1037.5,hPa,2
327,21/01/2022,12:17:06,19,ug/m^3,0,ug/m^3,24,35.1,%RH,17.2,DEGREE C,769,CO2 ppm,1037.5,hPa,2
328,21/01/2022,12:17:08,19,ug/m^3,0,ug/m^3,24,35.1,%RH,17.2,DEGREE C,769,CO2 ppm,1037.5,hPa,2
329,21/01/2022,12:17:10,20,ug/m^3,0,ug/m^3,24,34.6,%RH,17.2,DEGREE C,758,CO2 ppm,1037.6,hPa,2
330,21/01/2022,12:17:12,17,ug/m^3,0,ug/m^3,24,34.4,%RH,17.3,DEGREE C,749,CO2 ppm,1037.6,hPa,2
331,21/01/2022,12:17:14,17,ug/m^3,0,ug/m^3,24,34.4,%RH,17.3,DEGREE C,743,CO2 ppm,1037.6,hPa,2
332,21/01/2022,12:17:16,11,ug/m^3,0,ug/m^3,24,34.2,%RH,17.3,DEGREE C,744,CO2 ppm,1037.5,hPa,1
333,21/01/2022,12:17:18,11,ug/m^3,0,ug/m^3,24,34.2,%RH,17.3,DEGREE C,745,CO2 ppm,1037.5,hPa,1
334,21/01/2022,12:17:20,10,ug/m^3,0,ug/m^3,24,34.3,%RH,17.4,DEGREE C,745,CO2 ppm,1037.4,hPa,1
335,21/01/2022,12:17:22,10,ug/m^3,0,ug/m^3,24,34.3,%RH,17.4,DEGREE C,749,CO2 ppm,1037.4,hPa,1
336,21/01/2022,12:17:24,10,ug/m^3,0,ug/m^3,24,33.9,%RH,17.5,DEGREE C,749,CO2 ppm,1037.4,hPa,1
337,21/01/2022,12:17:26,10,ug/m^3,0,ug/m^3,24,33.9,%RH,17.5,DEGREE C,754,CO2 ppm,1037.4,hPa,1
338,21/01/2022,12:17:28,10,ug/m^3,0,ug/m^3,24,33.9,%RH,17.5,DEGREE C,761,CO2 ppm,1037.4,hPa,1
339,21/01/2022,12:17:30,10,ug/m^3,0,ug/m^3,24,33.9,%RH,17.5,DEGREE C,766,CO2 ppm,1037.4,hPa,1
340,21/01/2022,12:17:32,10,ug/m^3,0,ug/m^3,24,33.9,%RH,17.5,DEGREE C,770,CO2 ppm,1037.4,hPa,1
341,21/01/2022,12:17:34,10,ug/m^3,0,ug/m^3,24,33.9,%RH,17.4,DEGREE C,774,CO2 ppm,1037.4,hPa,1
342,21/01/2022,12:17:36,10,ug/m^3,0,ug/m^3,24,33.9,%RH,17.3,DEGREE C,776,CO2 ppm,1037.4,hPa,1
343,21/01/2022,12:17:38,10,ug/m^3,0,ug/m^3,24,33.9,%RH,17.2,DEGREE C,776,CO2 ppm,1037.4,hPa,1
344,21/01/2022,12:17:40,10,ug/m^3,0,ug/m^3,24,33.9,%RH,17.2,DEGREE C,776,CO2 ppm,1037.4,hPa,1
345,21/01/2022,12:17:42,10,ug/m^3,0,ug/m^3,24,33.9,%RH,17,DEGREE C,779,CO2 ppm,1037.3,hPa,1
346,21/01/2022,12:17:44,10,ug/m^3,0,ug/m^3,24,33.9,%RH,16.9,DEGREE C,779,CO2 ppm,1037.3,hPa,1
347,21/01/2022,12:17:46,9,ug/m^3,0,ug/m^3,24,32.2,%RH,16.9,DEGREE C,784,CO2 ppm,1037.4,hPa,1
348,21/01/2022,12:17:48,9,ug/m^3,0,ug/m^3,24,32.3,%RH,16.8,DEGREE C,788,CO2 ppm,1037.5,hPa,1
349,21/01/2022,12:17:50,9,ug/m^3,0,ug/m^3,24,32.6,%RH,16.8,DEGREE C,788,CO2 ppm,1037.5,hPa,1
350,21/01/2022,12:17:52,9,ug/m^3,0,ug/m^3,24,32.8,%RH,16.7,DEGREE C,785,CO2 ppm,1037.4,hPa,1
351,21/01/2022,12:17:54,11,ug/m^3,0,ug/m^3,24,32.6,%RH,16.5,DEGREE C,780,CO2 ppm,1037.5,hPa,1
352,21/01/2022,12:17:56,12,ug/m^3,0,ug/m^3,24,32.6,%RH,16.4,DEGREE C,775,CO2 ppm,1037.4,hPa,2
353,21/01/2022,12:17:58,13,ug/m^3,0,ug/m^3,24,32.5,%RH,16.3,DEGREE C,768,CO2 ppm,1037.4,hPa,2
504,21/01/2022,12:23:00,11,ug/m^3,0,ug/m^3,24,25.1,%RH,20.4,DEGREE C,750,CO2 ppm,1037.4,hPa,1
505,21/01/2022,12:23:02,10,ug/m^3,0,ug/m^3,24,25.3,%RH,20.4,DEGREE C,740,CO2 ppm,1037.2,hPa,1
506,21/01/2022,12:23:04,10,ug/m^3,0,ug/m^3,24,25.1,%RH,20.4,DEGREE C,735,CO2 ppm,1037.2,hPa,1
507,21/01/2022,12:23:06,10,ug/m^3,0,ug/m^3,24,25.1,%RH,20.5,DEGREE C,731,CO2 ppm,1037.4,hPa,1
508,21/01/2022,12:23:08,10,ug/m^3,0,ug/m^3,24,25,%RH,20.6,DEGREE C,728,CO2 ppm,1037.4,hPa,1
509,21/01/2022,12:23:10,10,ug/m^3,0,ug/m^3,24,25,%RH,20.6,DEGREE C,724,CO2 ppm,1037.3,hPa,1
510,21/01/2022,12:23:12,10,ug/m^3,0,ug/m^3,24,25.1,%RH,20.7,DEGREE C,724,CO2 ppm,1037.4,hPa,1
511,21/01/2022,12:23:14,10,ug/m^3,0,ug/m^3,24,25.1,%RH,20.7,DEGREE C,714,CO2 ppm,1037.4,hPa,1
512,21/01/2022,12:23:16,10,ug/m^3,0,ug/m^3,24,25,%RH,20.7,DEGREE C,714,CO2 ppm,1037.3,hPa,1
513,21/01/2022,12:23:18,10,ug/m^3,0,ug/m^3,24,25,%RH,20.7,DEGREE C,707,CO2 ppm,1037.3,hPa,1
514,21/01/2022,12:23:20,18,ug/m^3,0,ug/m^3,24,25,%RH,20.7,DEGREE C,707,CO2 ppm,1037.3,hPa,2
515,21/01/2022,12:23:22,18,ug/m^3,0,ug/m^3,24,25,%RH,20.8,DEGREE C,707,CO2 ppm,1037.3,hPa,2
516,21/01/2022,12:23:24,18,ug/m^3,0,ug/m^3,24,25,%RH,20.9,DEGREE C,707,CO2 ppm,1037.3,hPa,2
517,21/01/2022,12:23:26,18,ug/m^3,0,ug/m^3,24,25,%RH,20.8,DEGREE C,707,CO2 ppm,1037.3,hPa,2
518,21/01/2022,12:23:28,18,ug/m^3,0,ug/m^3,24,25,%RH,20.9,DEGREE C,707,CO2 ppm,1037.3,hPa,2
519,21/01/2022,12:23:30,16,ug/m^3,0,ug/m^3,24,24.7,%RH,20.9,DEGREE C,702,CO2 ppm,1037.4,hPa,2
520,21/01/2022,12:23:32,16,ug/m^3,0,ug/m^3,24,24.7,%RH,20.9,DEGREE C,702,CO2 ppm,1037.4,hPa,2
521,21/01/2022,12:23:34,13,ug/m^3,0,ug/m^3,24,24.4,%RH,20.9,DEGREE C,698,CO2 ppm,1037.4,hPa,2
522,21/01/2022,12:23:36,11,ug/m^3,0,ug/m^3,24,24.2,%RH,20.9,DEGREE C,695,CO2 ppm,1037.3,hPa,1
523,21/01/2022,12:23:38,9,ug/m^3,0,ug/m^3,24,24.3,%RH,21,DEGREE C,695,CO2 ppm,1037.6,hPa,1
524,21/01/2022,12:23:40,7,ug/m^3,0,ug/m^3,24,24.6,%RH,21,DEGREE C,695,CO2 ppm,1037.4,hPa,1
525,21/01/2022,12:23:42,7,ug/m^3,0,ug/m^3,24,24.6,%RH,21,DEGREE C,695,CO2 ppm,1037.4,hPa,1
526,21/01/2022,12:23:44,7,ug/m^3,0,ug/m^3,24,24.6,%RH,21,DEGREE C,695,CO2 ppm,1037.4,hPa,1
527,21/01/2022,12:23:46,7,ug/m^3,0,ug/m^3,24,24.9,%RH,20.9,DEGREE C,692,CO2 ppm,1037.6,hPa,1
528,21/01/2022,12:23:48,8,ug/m^3,0,ug/m^3,24,25.1,%RH,20.9,DEGREE C,689,CO2 ppm,1037.6,hPa,1
529,21/01/2022,12:23:50,9,ug/m^3,0,ug/m^3,24,25.7,%RH,20.8,DEGREE C,686,CO2 ppm,1037.7,hPa,1
530,21/01/2022,12:23:52,9,ug/m^3,0,ug/m^3,24,25.7,%RH,20.8,DEGREE C,686,CO2 ppm,1037.7,hPa,1
531,21/01/2022,12:23:54,10,ug/m^3,0,ug/m^3,24,25.7,%RH,20.8,DEGREE C,684,CO2 ppm,1037.5,hPa,1
532,21/01/2022,12:23:56,11,ug/m^3,0,ug/m^3,24,25.4,%RH,20.8,DEGREE C,682,CO2 ppm,1037.5,hPa,1
533,21/01/2022,12:23:58,11,ug/m^3,0,ug/m^3,24,25.4,%RH,20.8,DEGREE C,680,CO2 ppm,1037.5,hPa,1
534,21/01/2022,12:24:00,11,ug/m^3,0,ug/m^3,24,25.9,%RH,20.7,DEGREE C,680,CO2 ppm,1037.5,hPa,1
535,21/01/2022,12:24:02,11,ug/m^3,0,ug/m^3,24,25.9,%RH,20.8,DEGREE C,680,CO2 ppm,1037.5,hPa,1
536,21/01/2022,12:24:04,11,ug/m^3,0,ug/m^3,24,25.9,%RH,20.8,DEGREE C,679,CO2 ppm,1037.5,hPa,1
537,21/01/2022,12:24:06,12,ug/m^3,0,ug/m^3,24,25.9,%RH,20.7,DEGREE C,679,CO2 ppm,1037.5,hPa,2
538,21/01/2022,12:24:08,13,ug/m^3,0,ug/m^3,24,25.7,%RH,20.6,DEGREE C,678,CO2 ppm,1037.6,hPa,2
539,21/01/2022,12:24:10,13,ug/m^3,0,ug/m^3,24,26.2,%RH,20.4,DEGREE C,678,CO2 ppm,1037.6,hPa,2
540,21/01/2022,12:24:12,13,ug/m^3,0,ug/m^3,24,26.2,%RH,20.4,DEGREE C,677,CO2 ppm,1037.6,hPa,2
541,21/01/2022,12:24:14,13,ug/m^3,0,ug/m^3,24,26.1,%RH,20.3,DEGREE C,677,CO2 ppm,1037.5,hPa,2
542,21/01/2022,12:24:16,13,ug/m^3,0,ug/m^3,24,26.1,%RH,20.3,DEGREE C,671,CO2 ppm,1037.5,hPa,2
543,21/01/2022,12:24:18,13,ug/m^3,0,ug/m^3,24,25.9,%RH,20.2,DEGREE C,671,CO2 ppm,1037.5,hPa,2
544,21/01/2022,12:24:20,13,ug/m^3,0,ug/m^3,24,25.9,%RH,20.1,DEGREE C,669,CO2 ppm,1037.5,hPa,2
545,21/01/2022,12:24:22,13,ug/m^3,0,ug/m^3,24,25.8,%RH,20.2,DEGREE C,669,CO2 ppm,1037.6,hPa,2
546,21/01/2022,12:24:24,13,ug/m^3,0,ug/m^3,24,25.8,%RH,20.2,DEGREE C,668,CO2 ppm,1037.6,hPa,2
547,21/01/2022,12:24:26,13,ug/m^3,0,ug/m^3,24,25.8,%RH,20.2,DEGREE C,668,CO2 ppm,1037.6,hPa,2
548,21/01/2022,12:24:28,13,ug/m^3,0,ug/m^3,24,25.8,%RH,20.1,DEGREE C,668,CO2 ppm,1037.6,hPa,2
549,21/01/2022,12:24:30,13,ug/m^3,0,ug/m^3,24,25.8,%RH,20.1,DEGREE C,668,CO2 ppm,1037.6,hPa,2
550,21/01/2022,12:24:32,12,ug/m^3,0,ug/m^3,24,26.1,%RH,20.1,DEGREE C,668,CO2 ppm,1037.2,hPa,2
551,21/01/2022,12:24:34,12,ug/m^3,0,ug/m^3,24,26.1,%RH,20,DEGREE C,668,CO2 ppm,1037.2,hPa,2
552,21/01/2022,12:24:36,12,ug/m^3,0,ug/m^3,24,26.5,%RH,20,DEGREE C,669,CO2 ppm,1037.3,hPa,2
553,21/01/2022,12:24:38,12,ug/m^3,0,ug/m^3,24,26.5,%RH,20,DEGREE C,669,CO2 ppm,1037.3,hPa,2
554,21/01/2022,12:24:40,12,ug/m^3,0,ug/m^3,24,26.5,%RH,19.9,DEGREE C,669,CO2 ppm,1037.3,hPa,2
555,21/01/2022,12:24:42,12,ug/m^3,0,ug/m^3,24,26.7,%RH,19.9,DEGREE C,665,CO2 ppm,1037.3,hPa,2
556,21/01/2022,12:24:44,11,ug/m^3,0,ug/m^3,24,26.3,%RH,20,DEGREE C,659,CO2 ppm,1037.4,hPa,1
557,21/01/2022,12:24:46,10,ug/m^3,0,ug/m^3,24,26.1,%RH,20.1,DEGREE C,629,CO2 ppm,1037.4,hPa,1
558,21/01/2022,12:24:48,9,ug/m^3,0,ug/m^3,24,25.9,%RH,20.2,DEGREE C,630,CO2 ppm,1037.4,hPa,1
559,21/01/2022,12:24:50,9,ug/m^3,0,ug/m^3,24,26,%RH,20.1,DEGREE C,632,CO2 ppm,1037.4,hPa,1
560,21/01/2022,12:24:52,8,ug/m^3,0,ug/m^3,24,26.1,%RH,20.2,DEGREE C,633,CO2 ppm,1037.4,hPa,1
561,21/01/2022,12:24:54,8,ug/m^3,0,ug/m^3,24,26.1,%RH,20.1,DEGREE C,634,CO2 ppm,1037.4,hPa,1
562,21/01/2022,12:24:56,8,ug/m^3,0,ug/m^3,24,26.1,%RH,20.1,DEGREE C,634,CO2 ppm,1037.5,hPa,1
563,21/01/2022,12:24:58,8,ug/m^3,0,ug/m^3,24,26.1,%RH,20.2,DEGREE C,634,CO2 ppm,1037.5,hPa,1
564,21/01/2022,12:25:00,8,ug/m^3,0,ug/m^3,24,26.1,%RH,20.2,DEGREE C,654,CO2 ppm,1037.5,hPa,1
565,21/01/2022,12:25:02,8,ug/m^3,0,ug/m^3,24,26.1,%RH,20.2,DEGREE C,655,CO2 ppm,1037.1,hPa,1
566,21/01/2022,12:25:04,9,ug/m^3,0,ug/m^3,24,26.2,%RH,20.2,DEGREE C,658,CO2 ppm,1037,hPa,1
567,21/01/2022,12:25:06,9,ug/m^3,0,ug/m^3,24,26.5,%RH,20.2,DEGREE C,662,CO2 ppm,1036.9,hPa,1
568,21/01/2022,12:25:08,9,ug/m^3,0,ug/m^3,24,26.6,%RH,20.2,DEGREE C,662,CO2 ppm,1037.3,hPa,1
569,21/01/2022,12:25:10,9,ug/m^3,0,ug/m^3,24,26.6,%RH,20.3,DEGREE C,666,CO2 ppm,1037.3,hPa,1
570,21/01/2022,12:25:12,9,ug/m^3,0,ug/m^3,24,26.3,%RH,20.3,DEGREE C,666,CO2 ppm,1037.7,hPa,1
571,21/01/2022,12:25:14,9,ug/m^3,0,ug/m^3,24,26.3,%RH,20.3,DEGREE C,672,CO2 ppm,1037.7,hPa,1
572,21/01/2022,12:25:16,9,ug/m^3,0,ug/m^3,24,26.1,%RH,20.3,DEGREE C,672,CO2 ppm,1037.9,hPa,1
573,21/01/2022,12:25:18,9,ug/m^3,0,ug/m^3,24,26.1,%RH,20.4,DEGREE C,674,CO2 ppm,1037.9,hPa,1
574,21/01/2022,12:25:20,8,ug/m^3,0,ug/m^3,24,25.8,%RH,20.3,DEGREE C,674,CO2 ppm,1037.9,hPa,1
575,21/01/2022,12:25:22,8,ug/m^3,0,ug/m^3,24,25.8,%RH,20.3,DEGREE C,674,CO2 ppm,1037.9,hPa,1
576,21/01/2022,12:25:24,8,ug/m^3,0,ug/m^3,24,25.8,%RH,20.4,DEGREE C,674,CO2 ppm,1037.9,hPa,1
577,21/01/2022,12:25:26,8,ug/m^3,0,ug/m^3,24,25.8,%RH,20.4,DEGREE C,674,CO2 ppm,1037.9,hPa,1
578,21/01/2022,12:25:28,8,ug/m^3,0,ug/m^3,24,25.9,%RH,20.4,DEGREE C,674,CO2 ppm,1037.8,hPa,1
579,21/01/2022,12:25:30,8,ug/m^3,0,ug/m^3,24,25.9,%RH,20.3,DEGREE C,673,CO2 ppm,1037.4,hPa,1
580,21/01/2022,12:25:32,8,ug/m^3,0,ug/m^3,24,26.2,%RH,20.2,DEGREE C,672,CO2 ppm,1037.5,hPa,1
581,21/01/2022,12:25:34,8,ug/m^3,0,ug/m^3,24,26,%RH,20.2,DEGREE C,671,CO2 ppm,1037.5,hPa,1
582,21/01/2022,12:25:36,8,ug/m^3,0,ug/m^3,24,26,%RH,20.2,DEGREE C,671,CO2 ppm,1037.5,hPa,1
583,21/01/2022,12:25:38,8,ug/m^3,0,ug/m^3,24,25.7,%RH,20.2,DEGREE C,668,CO2 ppm,1037.4,hPa,1
584,21/01/2022,12:25:40,9,ug/m^3,0,ug/m^3,24,25.5,%RH,20.3,DEGREE C,664,CO2 ppm,1037.4,hPa,1
585,21/01/2022,12:25:42,9,ug/m^3,0,ug/m^3,24,25.7,%RH,20.2,DEGREE C,660,CO2 ppm,1037.5,hPa,1
586,21/01/2022,12:25:44,10,ug/m^3,0,ug/m^3,24,25.8,%RH,19.8,DEGREE C,658,CO2 ppm,1037.7,hPa,1
587,21/01/2022,12:25:46,10,ug/m^3,0,ug/m^3,24,25.8,%RH,19.7,DEGREE C,658,CO2 ppm,1037.7,hPa,1
588,21/01/2022,12:25:48,10,ug/m^3,0,ug/m^3,24,26.4,%RH,19.5,DEGREE C,656,CO2 ppm,1037.8,hPa,1
589,21/01/2022,12:25:50,10,ug/m^3,0,ug/m^3,24,26.4,%RH,19.3,DEGREE C,655,CO2 ppm,1037.8,hPa,1
590,21/01/2022,12:25:52,10,ug/m^3,0,ug/m^3,24,26.7,%RH,19.1,DEGREE C,654,CO2 ppm,1037.7,hPa,1
591,21/01/2022,12:25:54,10,ug/m^3,0,ug/m^3,24,26.7,%RH,19.1,DEGREE C,654,CO2 ppm,1037.7,hPa,1
592,21/01/2022,12:25:56,10,ug/m^3,0,ug/m^3,24,27.7,%RH,19.1,DEGREE C,654,CO2 ppm,1037.7,hPa,1
593,21/01/2022,12:25:58,10,ug/m^3,0,ug/m^3,24,27.7,%RH,19.2,DEGREE C,654,CO2 ppm,1037.7,hPa,1
954,21/01/2022,12:38:00,36,ug/m^3,0,ug/m^3,24,30.2,%RH,20.8,DEGREE C,800,CO2 ppm,1036,hPa,4
955,21/01/2022,12:38:02,36,ug/m^3,0,ug/m^3,24,30.6,%RH,20.8,DEGREE C,798,CO2 ppm,1036,hPa,4
956,21/01/2022,12:38:04,36,ug/m^3,0,ug/m^3,24,30.6,%RH,20.8,DEGREE C,798,CO2 ppm,1036,hPa,4
957,21/01/2022,12:38:06,36,ug/m^3,0,ug/m^3,24,30.6,%RH,20.8,DEGREE C,794,CO2 ppm,1036,hPa,4
958,21/01/2022,12:38:08,37,ug/m^3,0,ug/m^3,24,30.6,%RH,20.8,DEGREE C,790,CO2 ppm,1036.1,hPa,4
959,21/01/2022,12:38:10,37,ug/m^3,0,ug/m^3,24,30.6,%RH,20.8,DEGREE C,790,CO2 ppm,1036.1,hPa,4
960,21/01/2022,12:38:12,37,ug/m^3,0,ug/m^3,24,30.6,%RH,20.7,DEGREE C,787,CO2 ppm,1036,hPa,4
961,21/01/2022,12:38:14,37,ug/m^3,0,ug/m^3,24,30.7,%RH,20.7,DEGREE C,787,CO2 ppm,1036,hPa,4
962,21/01/2022,12:38:16,37,ug/m^3,0,ug/m^3,24,30.7,%RH,20.7,DEGREE C,787,CO2 ppm,1036,hPa,4
963,21/01/2022,12:38:18,38,ug/m^3,0,ug/m^3,24,30.7,%RH,20.7,DEGREE C,791,CO2 ppm,1036,hPa,4
964,21/01/2022,12:38:20,39,ug/m^3,0,ug/m^3,24,30.8,%RH,20.7,DEGREE C,796,CO2 ppm,1035.6,hPa,4
965,21/01/2022,12:38:22,39,ug/m^3,0,ug/m^3,24,30.8,%RH,20.8,DEGREE C,796,CO2 ppm,1035.6,hPa,4
966,21/01/2022,12:38:24,39,ug/m^3,0,ug/m^3,24,30.8,%RH,20.8,DEGREE C,802,CO2 ppm,1035.6,hPa,4
967,21/01/2022,12:38:26,39,ug/m^3,0,ug/m^3,24,30.8,%RH,20.8,DEGREE C,802,CO2 ppm,1035.6,hPa,4
968,21/01/2022,12:38:28,40,ug/m^3,0,ug/m^3,24,30.7,%RH,20.7,DEGREE C,810,CO2 ppm,1035.7,hPa,4
969,21/01/2022,12:38:30,40,ug/m^3,0,ug/m^3,24,30.7,%RH,20.7,DEGREE C,821,CO2 ppm,1035.7,hPa,4
970,21/01/2022,12:38:32,40,ug/m^3,0,ug/m^3,24,30.6,%RH,20.6,DEGREE C,821,CO2 ppm,1035.6,hPa,4
971,21/01/2022,12:38:34,40,ug/m^3,0,ug/m^3,24,30.6,%RH,20.5,DEGREE C,821,CO2 ppm,1035.6,hPa,4
972,21/01/2022,12:38:36,40,ug/m^3,0,ug/m^3,24,30.6,%RH,20.2,DEGREE C,831,CO2 ppm,1035.6,hPa,4
973,21/01/2022,12:38:38,39,ug/m^3,0,ug/m^3,24,30.6,%RH,19.7,DEGREE C,831,CO2 ppm,1035.6,hPa,4
974,21/01/2022,12:38:40,39,ug/m^3,0,ug/m^3,24,30.6,%RH,19.3,DEGREE C,839,CO2 ppm,1035.6,hPa,4
975,21/01/2022,12:38:42,38,ug/m^3,0,ug/m^3,24,29.1,%RH,19,DEGREE C,839,CO2 ppm,1036,hPa,4
976,21/01/2022,12:38:44,38,ug/m^3,0,ug/m^3,24,29.1,%RH,19,DEGREE C,844,CO2 ppm,1036,hPa,4
977,21/01/2022,12:38:46,36,ug/m^3,0,ug/m^3,24,29.1,%RH,19,DEGREE C,844,CO2 ppm,1036,hPa,4
978,21/01/2022,12:38:48,36,ug/m^3,0,ug/m^3,24,29.1,%RH,19.1,DEGREE C,833,CO2 ppm,1036,hPa,4
979,21/01/2022,12:38:50,34,ug/m^3,0,ug/m^3,24,31,%RH,19.1,DEGREE C,833,CO2 ppm,1036,hPa,3
980,21/01/2022,12:38:52,34,ug/m^3,0,ug/m^3,24,31,%RH,19,DEGREE C,833,CO2 ppm,1036,hPa,3
981,21/01/2022,12:38:54,34,ug/m^3,0,ug/m^3,24,31,%RH,19,DEGREE C,824,CO2 ppm,1036,hPa,3
982,21/01/2022,12:38:56,34,ug/m^3,0,ug/m^3,24,31,%RH,18.9,DEGREE C,824,CO2 ppm,1036,hPa,3
983,21/01/2022,12:38:58,34,ug/m^3,0,ug/m^3,24,31,%RH,18.9,DEGREE C,824,CO2 ppm,1036,hPa,3
984,21/01/2022,12:39:00,32,ug/m^3,0,ug/m^3,24,30.8,%RH,18.9,DEGREE C,805,CO2 ppm,1035.9,hPa,3
985,21/01/2022,12:39:02,32,ug/m^3,0,ug/m^3,24,30.8,%RH,19,DEGREE C,805,CO2 ppm,1035.9,hPa,3
986,21/01/2022,12:39:04,32,ug/m^3,0,ug/m^3,24,30.8,%RH,19,DEGREE C,805,CO2 ppm,1035.9,hPa,3
987,21/01/2022,12:39:06,32,ug/m^3,0,ug/m^3,24,30.9,%RH,19,DEGREE C,780,CO2 ppm,1035.8,hPa,3
988,21/01/2022,12:39:08,32,ug/m^3,0,ug/m^3,24,30.9,%RH,19,DEGREE C,780,CO2 ppm,1035.8,hPa,3
989,21/01/2022,12:39:10,31,ug/m^3,0,ug/m^3,24,31.2,%RH,19,DEGREE C,755,CO2 ppm,1035.9,hPa,3
990,21/01/2022,12:39:12,31,ug/m^3,0,ug/m^3,24,30.9,%RH,19.1,DEGREE C,741,CO2 ppm,1035.8,hPa,3
991,21/01/2022,12:39:14,31,ug/m^3,0,ug/m^3,24,30.9,%RH,19.2,DEGREE C,741,CO2 ppm,1035.8,hPa,3
992,21/01/2022,12:39:16,31,ug/m^3,0,ug/m^3,24,30.6,%RH,19.3,DEGREE C,731,CO2 ppm,1035.8,hPa,3
993,21/01/2022,12:39:18,30,ug/m^3,0,ug/m^3,24,30.3,%RH,19.4,DEGREE C,727,CO2 ppm,1035.7,hPa,3
994,21/01/2022,12:39:20,29,ug/m^3,0,ug/m^3,24,30.2,%RH,19.4,DEGREE C,722,CO2 ppm,1035.8,hPa,3
995,21/01/2022,12:39:22,29,ug/m^3,0,ug/m^3,24,30.2,%RH,19.5,DEGREE C,722,CO2 ppm,1035.8,hPa,3
996,21/01/2022,12:39:24,29,ug/m^3,0,ug/m^3,24,30.2,%RH,19.5,DEGREE C,717,CO2 ppm,1035.8,hPa,3
997,21/01/2022,12:39:26,26,ug/m^3,0,ug/m^3,24,29.7,%RH,19.6,DEGREE C,712,CO2 ppm,1035.8,hPa,3
998,21/01/2022,12:39:28,26,ug/m^3,0,ug/m^3,24,29.7,%RH,19.6,DEGREE C,708,CO2 ppm,1035.8,hPa,3
999,21/01/2022,12:39:30,25,ug/m^3,0,ug/m^3,24,29.6,%RH,19.7,DEGREE C,705,CO2 ppm,1035.9,hPa,3
1000,21/01/2022,12:39:32,25,ug/m^3,0,ug/m^3,24,29.6,%RH,19.7,DEGREE C,704,CO2 ppm,1035.9,hPa,3
1001,21/01/2022,12:39:34,26,ug/m^3,0,ug/m^3,24,29.5,%RH,19.8,DEGREE C,703,CO2 ppm,1035.6,hPa,3
1002,21/01/2022,12:39:36,26,ug/m^3,0,ug/m^3,24,29.5,%RH,19.8,DEGREE C,703,CO2 ppm,1035.5,hPa,3
1003,21/01/2022,12:39:38,26,ug/m^3,0,ug/m^3,24,29.4,%RH,19.8,DEGREE C,701,CO2 ppm,1035.5,hPa,3
1004,21/01/2022,12:39:40,27,ug/m^3,0,ug/m^3,24,29.4,%RH,19.9,DEGREE C,701,CO2 ppm,1034.9,hPa,3
1005,21/01/2022,12:39:42,27,ug/m^3,0,ug/m^3,24,29.4,%RH,19.9,DEGREE C,701,CO2 ppm,1034.9,hPa,3
1006,21/01/2022,12:39:44,27,ug/m^3,0,ug/m^3,24,29.4,%RH,19.9,DEGREE C,697,CO2 ppm,1034.9,hPa,3
1007,21/01/2022,12:39:46,26,ug/m^3,0,ug/m^3,24,29.3,%RH,20,DEGREE C,697,CO2 ppm,1035,hPa,3
1008,21/01/2022,12:39:48,26,ug/m^3,0,ug/m^3,24,29.3,%RH,20.1,DEGREE C,696,CO2 ppm,1035,hPa,3
1009,21/01/2022,12:39:50,26,ug/m^3,0,ug/m^3,24,29.3,%RH,20.1,DEGREE C,696,CO2 ppm,1035,hPa,3
1010,21/01/2022,12:39:52,26,ug/m^3,0,ug/m^3,24,29.3,%RH,20.1,DEGREE C,693,CO2 ppm,1035,hPa,3
1011,21/01/2022,12:39:54,26,ug/m^3,0,ug/m^3,24,29.3,%RH,20.2,DEGREE C,693,CO2 ppm,1035,hPa,3
1012,21/01/2022,12:39:56,26,ug/m^3,0,ug/m^3,24,29.3,%RH,20.2,DEGREE C,689,CO2 ppm,1035,hPa,3
1013,21/01/2022,12:39:58,26,ug/m^3,0,ug/m^3,24,29.3,%RH,20.2,DEGREE C,689,CO2 ppm,1035,hPa,3
1014,21/01/2022,12:40:00,25,ug/m^3,0,ug/m^3,24,29.1,%RH,20.2,DEGREE C,683,CO2 ppm,1034.8,hPa,3
1015,21/01/2022,12:40:02,24,ug/m^3,0,ug/m^3,24,29,%RH,20.2,DEGREE C,679,CO2 ppm,1034.6,hPa,3
1016,21/01/2022,12:40:04,24,ug/m^3,0,ug/m^3,24,29,%RH,20.2,DEGREE C,679,CO2 ppm,1034.6,hPa,3
1017,21/01/2022,12:40:06,23,ug/m^3,0,ug/m^3,24,29.2,%RH,20.2,DEGREE C,677,CO2 ppm,1034.5,hPa,2
1018,21/01/2022,12:40:08,23,ug/m^3,0,ug/m^3,24,28.9,%RH,20.2,DEGREE C,677,CO2 ppm,1034.2,hPa,2
1019,21/01/2022,12:40:10,22,ug/m^3,0,ug/m^3,24,28.9,%RH,20.2,DEGREE C,676,CO2 ppm,1034.6,hPa,2
1020,21/01/2022,12:40:12,22,ug/m^3,0,ug/m^3,24,28.9,%RH,20.2,DEGREE C,677,CO2 ppm,1034.6,hPa,2
1021,21/01/2022,12:40:14,23,ug/m^3,0,ug/m^3,24,28.9,%RH,20.2,DEGREE C,677,CO2 ppm,1034.7,hPa,2
1022,21/01/2022,12:40:16,23,ug/m^3,0,ug/m^3,24,28.9,%RH,20.3,DEGREE C,677,CO2 ppm,1034.6,hPa,2
1023,21/01/2022,12:40:18,22,ug/m^3,0,ug/m^3,24,28.9,%RH,20.3,DEGREE C,676,CO2 ppm,1034.7,hPa,2
1024,21/01/2022,12:40:20,22,ug/m^3,0,ug/m^3,24,28.9,%RH,20.3,DEGREE C,676,CO2 ppm,1034.7,hPa,2
1025,21/01/2022,12:40:22,22,ug/m^3,0,ug/m^3,24,28.9,%RH,20.3,DEGREE C,675,CO2 ppm,1034.3,hPa,2
1026,21/01/2022,12:40:24,21,ug/m^3,0,ug/m^3,24,28.8,%RH,20.3,DEGREE C,674,CO2 ppm,1034.3,hPa,2
1027,21/01/2022,12:40:26,21,ug/m^3,0,ug/m^3,24,28.8,%RH,20.2,DEGREE C,673,CO2 ppm,1034.3,hPa,2
1028,21/01/2022,12:40:28,20,ug/m^3,0,ug/m^3,24,28.7,%RH,20.2,DEGREE C,673,CO2 ppm,1034.5,hPa,2
1029,21/01/2022,12:40:30,20,ug/m^3,0,ug/m^3,24,28.7,%RH,20.2,DEGREE C,673,CO2 ppm,1034.5,hPa,2
1030,21/01/2022,12:40:32,20,ug/m^3,0,ug/m^3,24,28.8,%RH,20.3,DEGREE C,674,CO2 ppm,1034.7,hPa,2
1031,21/01/2022,12:40:34,20,ug/m^3,0,ug/m^3,24,28.9,%RH,20.3,DEGREE C,674,CO2 ppm,1034.8,hPa,2
1032,21/01/2022,12:40:36,20,ug/m^3,0,ug/m^3,24,28.7,%RH,20.3,DEGREE C,674,CO2 ppm,1035,hPa,2
1033,21/01/2022,12:40:38,21,ug/m^3,0,ug/m^3,24,28.7,%RH,20.3,DEGREE C,674,CO2 ppm,1035.4,hPa,2
1034,21/01/2022,12:40:40,21,ug/m^3,0,ug/m^3,24,28.7,%RH,20.2,DEGREE C,674,CO2 ppm,1035.1,hPa,2
1035,21/01/2022,12:40:42,21,ug/m^3,0,ug/m^3,24,28.7,%RH,20.2,DEGREE C,676,CO2 ppm,1035.1,hPa,2
1036,21/01/2022,12:40:44,22,ug/m^3,0,ug/m^3,24,29,%RH,20.3,DEGREE C,676,CO2 ppm,1033.5,hPa,2
1037,21/01/2022,12:40:46,22,ug/m^3,0,ug/m^3,24,29,%RH,20.3,DEGREE C,673,CO2 ppm,1033.5,hPa,2
1038,21/01/2022,12:40:48,22,ug/m^3,0,ug/m^3,24,29,%RH,20.3,DEGREE C,673,CO2 ppm,1032.7,hPa,2
1039,21/01/2022,12:40:50,22,ug/m^3,0,ug/m^3,24,29,%RH,20.3,DEGREE C,669,CO2 ppm,1032.7,hPa,2
1040,21/01/2022,12:40:52,22,ug/m^3,0,ug/m^3,24,29,%RH,20.4,DEGREE C,665,CO2 ppm,1032.7,hPa,2
1041,21/01/2022,12:40:54,22,ug/m^3,0,ug/m^3,24,29,%RH,20.4,DEGREE C,665,CO2 ppm,1032.7,hPa,2
1042,21/01/2022,12:40:56,22,ug/m^3,0,ug/m^3,24,29,%RH,20.4,DEGREE C,665,CO2 ppm,1032.7,hPa,2
1043,21/01/2022,12:40:58,22,ug/m^3,0,ug/m^3,24,28.6,%RH,20.5,DEGREE C,663,CO2 ppm,1032.9,hPa,2
1044,21/01/2022,12:41:00,22,ug/m^3,0,ug/m^3,24,28.6,%RH,20.4,DEGREE C,663,CO2 ppm,1032.9,hPa,2
1045,21/01/2022,12:41:02,22,ug/m^3,0,ug/m^3,24,28.6,%RH,20.4,DEGREE C,663,CO2 ppm,1032.9,hPa,2
1046,21/01/2022,12:41:04,22,ug/m^3,0,ug/m^3,24,28.6,%RH,20.4,DEGREE C,663,CO2 ppm,1032.9,hPa,2
1047,21/01/2022,12:41:06,22,ug/m^3,0,ug/m^3,24,28.6,%RH,20.4,DEGREE C,663,CO2 ppm,1032.9,hPa,2
1048,21/01/2022,12:41:08,22,ug/m^3,0,ug/m^3,24,28.7,%RH,20.4,DEGREE C,663,CO2 ppm,1032.6,hPa,2
1049,21/01/2022,12:41:10,22,ug/m^3,0,ug/m^3,24,28.8,%RH,20.4,DEGREE C,666,CO2 ppm,1032.2,hPa,2
1050,21/01/2022,12:41:12,22,ug/m^3,0,ug/m^3,24,28.8,%RH,20.4,DEGREE C,666,CO2 ppm,1032.2,hPa,2
1051,21/01/2022,12:41:14,21,ug/m^3,0,ug/m^3,24,28.9,%RH,20.4,DEGREE C,670,CO2 ppm,1032.2,hPa,2
1052,21/01/2022,12:41:16,20,ug/m^3,0,ug/m^3,24,29,%RH,20.4,DEGREE C,673,CO2 ppm,1032,hPa,2
1053,21/01/2022,12:41:18,20,ug/m^3,0,ug/m^3,24,29.2,%RH,20.4,DEGREE C,676,CO2 ppm,1032.3,hPa,2
1054,21/01/2022,12:41:20,20,ug/m^3,0,ug/m^3,24,29.1,%RH,20.4,DEGREE C,679,CO2 ppm,1032.1,hPa,2
1055,21/01/2022,12:41:22,20,ug/m^3,0,ug/m^3,24,28.9,%RH,20.5,DEGREE C,680,CO2 ppm,1031.6,hPa,2
1056,21/01/2022,12:41:24,20,ug/m^3,0,ug/m^3,24,28.9,%RH,20.5,DEGREE C,680,CO2 ppm,1031.6,hPa,2
1057,21/01/2022,12:41:26,20,ug/m^3,0,ug/m^3,24,28.9,%RH,20.5,DEGREE C,680,CO2 ppm,1031.6,hPa,2
1058,21/01/2022,12:41:28,20,ug/m^3,0,ug/m^3,24,29,%RH,20.5,DEGREE C,680,CO2 ppm,1031.6,hPa,2
1059,21/01/2022,12:41:30,20,ug/m^3,0,ug/m^3,24,28.9,%RH,20.4,DEGREE C,680,CO2 ppm,1032.6,hPa,2
1060,21/01/2022,12:41:32,20,ug/m^3,0,ug/m^3,24,28.9,%RH,20.4,DEGREE C,679,CO2 ppm,1032.6,hPa,2
1061,21/01/2022,12:41:34,20,ug/m^3,0,ug/m^3,24,28.8,%RH,20.4,DEGREE C,679,CO2 ppm,1032.7,hPa,2
1062,21/01/2022,12:41:36,20,ug/m^3,0,ug/m^3,24,28.8,%RH,20.4,DEGREE C,681,CO2 ppm,1032.7,hPa,2
1063,21/01/2022,12:41:38,19,ug/m^3,0,ug/m^3,24,28.7,%RH,20.4,DEGREE C,681,CO2 ppm,1032.9,hPa,2
1064,21/01/2022,12:41:40,19,ug/m^3,0,ug/m^3,24,28.7,%RH,20.4,DEGREE C,689,CO2 ppm,1032.9,hPa,2
1065,21/01/2022,12:41:42,19,ug/m^3,0,ug/m^3,24,28.5,%RH,20.3,DEGREE C,689,CO2 ppm,1033.1,hPa,2
1066,21/01/2022,12:41:44,19,ug/m^3,0,ug/m^3,24,28.5,%RH,20.3,DEGREE C,692,CO2 ppm,1033.1,hPa,2
1067,21/01/2022,12:41:46,20,ug/m^3,0,ug/m^3,24,28.6,%RH,20.3,DEGREE C,692,CO2 ppm,1033.5,hPa,2
1068,21/01/2022,12:41:48,20,ug/m^3,0,ug/m^3,24,28.6,%RH,20.3,DEGREE C,692,CO2 ppm,1033.5,hPa,2
1069,21/01/2022,12:41:50,20,ug/m^3,0,ug/m^3,24,28.6,%RH,20.3,DEGREE C,692,CO2 ppm,1033.5,hPa,2
1070,21/01/2022,12:41:52,20,ug/m^3,0,ug/m^3,24,28.6,%RH,20.4,DEGREE C,692,CO2 ppm,1033.5,hPa,2
1071,21/01/2022,12:41:54,20,ug/m^3,0,ug/m^3,24,28.6,%RH,20.4,DEGREE C,692,CO2 ppm,1033.5,hPa,2
1072,21/01/2022,12:41:56,20,ug/m^3,0,ug/m^3,24,29,%RH,20.4,DEGREE C,692,CO2 ppm,1033,hPa,2
1073,21/01/2022,12:41:58,20,ug/m^3,0,ug/m^3,24,29,%RH,20.4,DEGREE C,692,CO2 ppm,1033,hPa,2
1074,21/01/2022,12:42:00,20,ug/m^3,0,ug/m^3,24,28.9,%RH,20.4,DEGREE C,691,CO2 ppm,1033,hPa,2
1075,21/01/2022,12:42:02,20,ug/m^3,0,ug/m^3,24,28.9,%RH,20.4,DEGREE C,691,CO2 ppm,1033,hPa,2
1076,21/01/2022,12:42:04,20,ug/m^3,0,ug/m^3,24,28.9,%RH,20.3,DEGREE C,691,CO2 ppm,1033,hPa,2
1077,21/01/2022,12:42:06,20,ug/m^3,0,ug/m^3,24,29,%RH,20.3,DEGREE C,689,CO2 ppm,1031.3,hPa,2
1078,21/01/2022,12:42:08,20,ug/m^3,0,ug/m^3,24,28.9,%RH,20.3,DEGREE C,686,CO2 ppm,1030.9,hPa,2
1079,21/01/2022,12:42:10,20,ug/m^3,0,ug/m^3,24,28.9,%RH,20.3,DEGREE C,686,CO2 ppm,1030.9,hPa,2
1080,21/01/2022,12:42:12,19,ug/m^3,0,ug/m^3,24,29.1,%RH,20.3,DEGREE C,684,CO2 ppm,1030.8,hPa,2
1081,21/01/2022,12:42:14,19,ug/m^3,0,ug/m^3,24,29.1,%RH,20.3,DEGREE C,681,CO2 ppm,1030.9,hPa,2
1082,21/01/2022,12:42:16,19,ug/m^3,0,ug/m^3,24,29.1,%RH,20.2,DEGREE C,681,CO2 ppm,1030.9,hPa,2
1083,21/01/2022,12:42:18,18,ug/m^3,0,ug/m^3,24,29.3,%RH,20.2,DEGREE C,678,CO2 ppm,1030.9,hPa,2
1084,21/01/2022,12:42:20,18,ug/m^3,0,ug/m^3,24,29.3,%RH,20.2,DEGREE C,676,CO2 ppm,1030.9,hPa,2
1085,21/01/2022,12:42:22,17,ug/m^3,0,ug/m^3,24,29.2,%RH,20.3,DEGREE C,676,CO2 ppm,1031.1,hPa,2
1086,21/01/2022,12:42:24,17,ug/m^3,0,ug/m^3,24,29.2,%RH,20.3,DEGREE C,673,CO2 ppm,1031.1,hPa,2
1087,21/01/2022,12:42:26,17,ug/m^3,0,ug/m^3,24,29.4,%RH,20.3,DEGREE C,672,CO2 ppm,1031.4,hPa,2
1088,21/01/2022,12:42:28,17,ug/m^3,0,ug/m^3,24,29.2,%RH,20.2,DEGREE C,672,CO2 ppm,1031,hPa,2
1089,21/01/2022,12:42:30,17,ug/m^3,0,ug/m^3,24,29.2,%RH,20.2,DEGREE C,670,CO2 ppm,1031,hPa,2
1090,21/01/2022,12:42:32,17,ug/m^3,0,ug/m^3,24,29.2,%RH,20.2,DEGREE C,670,CO2 ppm,1031.2,hPa,2
1091,21/01/2022,12:42:34,17,ug/m^3,0,ug/m^3,24,29.2,%RH,20.2,DEGREE C,670,CO2 ppm,1031.2,hPa,2
1092,21/01/2022,12:42:36,16,ug/m^3,0,ug/m^3,24,29,%RH,20.2,DEGREE C,670,CO2 ppm,1031.5,hPa,2
1093,21/01/2022,12:42:38,16,ug/m^3,0,ug/m^3,24,29,%RH,20.2,DEGREE C,670,CO2 ppm,1031.5,hPa,2
1094,21/01/2022,12:42:40,16,ug/m^3,0,ug/m^3,24,29,%RH,20.2,DEGREE C,670,CO2 ppm,1031.5,hPa,2
1095,21/01/2022,12:42:42,16,ug/m^3,0,ug/m^3,24,29,%RH,20.2,DEGREE C,670,CO2 ppm,1031.5,hPa,2
1096,21/01/2022,12:42:44,16,ug/m^3,0,ug/m^3,24,29,%RH,20.1,DEGREE C,670,CO2 ppm,1031.5,hPa,2
1097,21/01/2022,12:42:46,16,ug/m^3,0,ug/m^3,24,29,%RH,20.1,DEGREE C,670,CO2 ppm,1031.5,hPa,2
1098,21/01/2022,12:42:48,16,ug/m^3,0,ug/m^3,24,29,%RH,20.1,DEGREE C,670,CO2 ppm,1031.5,hPa,2
1099,21/01/2022,12:42:50,16,ug/m^3,0,ug/m^3,24,29,%RH,20.1,DEGREE C,670,CO2 ppm,1031.5,hPa,2
1100,21/01/2022,12:42:52,16,ug/m^3,0,ug/m^3,24,28.8,%RH,20.1,DEGREE C,670,CO2 ppm,1031.6,hPa,2
1101,21/01/2022,12:42:54,16,ug/m^3,0,ug/m^3,24,28.8,%RH,20.1,DEGREE C,670,CO2 ppm,1031.6,hPa,2
1102,21/01/2022,12:42:56,15,ug/m^3,0,ug/m^3,24,28.9,%RH,20.1,DEGREE C,670,CO2 ppm,1031.5,hPa,2
1103,21/01/2022,12:42:58,15,ug/m^3,0,ug/m^3,24,28.9,%RH,20.1,DEGREE C,670,CO2 ppm,1031.5,hPa,2
1104,21/01/2022,12:43:00,15,ug/m^3,0,ug/m^3,24,28.9,%RH,20.1,DEGREE C,670,CO2 ppm,1031.5,hPa,2
1105,21/01/2022,12:43:02,14,ug/m^3,0,ug/m^3,24,29.1,%RH,20,DEGREE C,667,CO2 ppm,1031.7,hPa,2
1106,21/01/2022,12:43:04,13,ug/m^3,0,ug/m^3,24,29.1,%RH,20.1,DEGREE C,663,CO2 ppm,1031.3,hPa,2
1107,21/01/2022,12:43:06,13,ug/m^3,0,ug/m^3,24,29.1,%RH,20,DEGREE C,663,CO2 ppm,1031.3,hPa,2
1108,21/01/2022,12:43:08,13,ug/m^3,0,ug/m^3,24,29.1,%RH,20,DEGREE C,663,CO2 ppm,1031.3,hPa,2
1109,21/01/2022,12:43:10,12,ug/m^3,0,ug/m^3,24,29,%RH,20,DEGREE C,662,CO2 ppm,1032,hPa,2
1110,21/01/2022,12:43:12,12,ug/m^3,0,ug/m^3,24,28.9,%RH,20,DEGREE C,665,CO2 ppm,1031.7,hPa,2
1111,21/01/2022,12:43:14,12,ug/m^3,0,ug/m^3,24,28.9,%RH,19.9,DEGREE C,665,CO2 ppm,1031.7,hPa,2
1112,21/01/2022,12:43:16,12,ug/m^3,0,ug/m^3,24,28.9,%RH,19.9,DEGREE C,665,CO2 ppm,1031.7,hPa,2
1113,21/01/2022,12:43:18,12,ug/m^3,0,ug/m^3,24,28.9,%RH,19.9,DEGREE C,665,CO2 ppm,1031.7,hPa,2
1114,21/01/2022,12:43:20,12,ug/m^3,0,ug/m^3,24,28.9,%RH,19.9,DEGREE C,665,CO2 ppm,1031.7,hPa,2
1115,21/01/2022,12:43:22,12,ug/m^3,0,ug/m^3,24,28.9,%RH,19.9,DEGREE C,665,CO2 ppm,1031.7,hPa,2
1116,21/01/2022,12:43:24,12,ug/m^3,0,ug/m^3,24,28.9,%RH,20,DEGREE C,665,CO2 ppm,1031.7,hPa,2
1117,21/01/2022,12:43:26,12,ug/m^3,0,ug/m^3,24,28.9,%RH,20,DEGREE C,665,CO2 ppm,1031.7,hPa,2
1118,21/01/2022,12:43:28,12,ug/m^3,0,ug/m^3,24,28.9,%RH,19.9,DEGREE C,665,CO2 ppm,1031.7,hPa,2
1119,21/01/2022,12:43:30,12,ug/m^3,0,ug/m^3,24,28.9,%RH,19.9,DEGREE C,672,CO2 ppm,1031.7,hPa,2
1120,21/01/2022,12:43:32,12,ug/m^3,0,ug/m^3,24,29.2,%RH,19.9,DEGREE C,672,CO2 ppm,1032.2,hPa,2
1121,21/01/2022,12:43:34,12,ug/m^3,0,ug/m^3,24,29.2,%RH,19.9,DEGREE C,672,CO2 ppm,1032.2,hPa,2
1122,21/01/2022,12:50:57,2,ug/m^3,0,ug/m^3,24,32.2,%RH,15.3,DEGREE C,654,CO2 ppm,1032,hPa,1
1123,21/01/2022,12:50:59,2,ug/m^3,0,ug/m^3,24,34.1,%RH,15.2,DEGREE C,654,CO2 ppm,1032,hPa,1
1124,21/01/2022,12:51:01,2,ug/m^3,0,ug/m^3,24,34.1,%RH,15.3,DEGREE C,654,CO2 ppm,1032.1,hPa,1
1125,21/01/2022,12:51:03,2,ug/m^3,0,ug/m^3,24,34.1,%RH,15.1,DEGREE C,581,CO2 ppm,1032.1,hPa,1
1126,21/01/2022,12:51:05,2,ug/m^3,0,ug/m^3,24,34.1,%RH,15.1,DEGREE C,581,CO2 ppm,1032.1,hPa,1
1127,21/01/2022,12:51:07,2,ug/m^3,0,ug/m^3,24,34.1,%RH,15,DEGREE C,581,CO2 ppm,1032.1,hPa,1
1128,21/01/2022,12:51:09,2,ug/m^3,0,ug/m^3,24,34.1,%RH,14.9,DEGREE C,587,CO2 ppm,1032.1,hPa,1
1129,21/01/2022,12:51:11,2,ug/m^3,0,ug/m^3,24,34.1,%RH,14.9,DEGREE C,587,CO2 ppm,1032.1,hPa,1
1130,21/01/2022,12:51:13,2,ug/m^3,0,ug/m^3,24,34.1,%RH,15,DEGREE C,587,CO2 ppm,1032.1,hPa,1
1131,21/01/2022,12:51:15,2,ug/m^3,0,ug/m^3,24,34.1,%RH,15,DEGREE C,594,CO2 ppm,1032.1,hPa,1
1132,21/01/2022,12:51:17,3,ug/m^3,0,ug/m^3,24,34.1,%RH,15.2,DEGREE C,600,CO2 ppm,1032.2,hPa,1
1133,21/01/2022,12:51:19,3,ug/m^3,0,ug/m^3,24,35.9,%RH,15.3,DEGREE C,606,CO2 ppm,1032.4,hPa,1
1134,21/01/2022,12:51:21,3,ug/m^3,0,ug/m^3,24,35.7,%RH,15.3,DEGREE C,612,CO2 ppm,1032.3,hPa,1
1135,21/01/2022,12:51:23,3,ug/m^3,0,ug/m^3,24,35.7,%RH,15.3,DEGREE C,612,CO2 ppm,1032.3,hPa,1
1136,21/01/2022,12:51:25,4,ug/m^3,0,ug/m^3,24,35.5,%RH,15.4,DEGREE C,618,CO2 ppm,1032.4,hPa,1
1137,21/01/2022,12:51:27,5,ug/m^3,0,ug/m^3,24,35.2,%RH,15.4,DEGREE C,624,CO2 ppm,1032.5,hPa,1
1138,21/01/2022,12:51:29,5,ug/m^3,0,ug/m^3,24,35.2,%RH,15.5,DEGREE C,624,CO2 ppm,1032.5,hPa,1
1139,21/01/2022,12:51:31,7,ug/m^3,0,ug/m^3,24,34.9,%RH,15.5,DEGREE C,630,CO2 ppm,1032.5,hPa,1
1140,21/01/2022,12:51:33,7,ug/m^3,0,ug/m^3,24,34.9,%RH,15.5,DEGREE C,637,CO2 ppm,1032.5,hPa,1
1141,21/01/2022,12:51:35,8,ug/m^3,0,ug/m^3,24,34.4,%RH,15.6,DEGREE C,643,CO2 ppm,1032.5,hPa,1
1142,21/01/2022,12:51:37,8,ug/m^3,0,ug/m^3,24,34.4,%RH,15.6,DEGREE C,643,CO2 ppm,1032.5,hPa,1
1143,21/01/2022,12:51:39,8,ug/m^3,0,ug/m^3,24,34.1,%RH,15.6,DEGREE C,652,CO2 ppm,1032.4,hPa,1
1144,21/01/2022,12:51:41,8,ug/m^3,0,ug/m^3,24,34.1,%RH,15.6,DEGREE C,652,CO2 ppm,1032.4,hPa,1
1145,21/01/2022,12:51:43,7,ug/m^3,0,ug/m^3,24,33.9,%RH,15.6,DEGREE C,654,CO2 ppm,1032.4,hPa,1
1146,21/01/2022,12:51:45,6,ug/m^3,0,ug/m^3,24,34.2,%RH,15.6,DEGREE C,657,CO2 ppm,1032.5,hPa,1
1147,21/01/2022,12:51:47,6,ug/m^3,0,ug/m^3,24,34.7,%RH,15.7,DEGREE C,660,CO2 ppm,1032.3,hPa,1
1148,21/01/2022,12:51:49,6,ug/m^3,0,ug/m^3,24,35,%RH,15.8,DEGREE C,664,CO2 ppm,1032.2,hPa,1
1149,21/01/2022,12:51:51,6,ug/m^3,0,ug/m^3,24,35,%RH,15.8,DEGREE C,664,CO2 ppm,1031.7,hPa,1
1150,21/01/2022,12:51:53,6,ug/m^3,0,ug/m^3,24,35,%RH,15.9,DEGREE C,666,CO2 ppm,1031.7,hPa,1
1151,21/01/2022,12:51:55,6,ug/m^3,0,ug/m^3,24,35,%RH,16.1,DEGREE C,674,CO2 ppm,1031.7,hPa,1
1152,21/01/2022,12:51:57,7,ug/m^3,0,ug/m^3,24,34.4,%RH,16.2,DEGREE C,674,CO2 ppm,1031.4,hPa,1
1153,21/01/2022,12:51:59,7,ug/m^3,0,ug/m^3,24,34.4,%RH,16.2,DEGREE C,698,CO2 ppm,1031.4,hPa,1
1154,21/01/2022,12:52:01,8,ug/m^3,0,ug/m^3,24,33.9,%RH,16.3,DEGREE C,698,CO2 ppm,1031.8,hPa,1
1155,21/01/2022,12:52:03,8,ug/m^3,0,ug/m^3,24,33.9,%RH,16.2,DEGREE C,698,CO2 ppm,1031.8,hPa,1
1156,21/01/2022,12:52:05,8,ug/m^3,0,ug/m^3,24,33.9,%RH,16.2,DEGREE C,698,CO2 ppm,1031.8,hPa,1
1157,21/01/2022,12:52:07,8,ug/m^3,0,ug/m^3,24,33.9,%RH,16.2,DEGREE C,698,CO2 ppm,1031.8,hPa,1
1158,21/01/2022,12:52:09,8,ug/m^3,0,ug/m^3,24,33.5,%RH,16.2,DEGREE C,713,CO2 ppm,1031.6,hPa,1
1159,21/01/2022,12:52:11,8,ug/m^3,0,ug/m^3,24,33.5,%RH,16.2,DEGREE C,713,CO2 ppm,1031.6,hPa,1
1160,21/01/2022,12:52:13,8,ug/m^3,0,ug/m^3,24,33.5,%RH,16.3,DEGREE C,713,CO2 ppm,1031.6,hPa,1
1161,21/01/2022,12:52:15,9,ug/m^3,0,ug/m^3,24,33.5,%RH,16.2,DEGREE C,728,CO2 ppm,1031.7,hPa,1
1162,21/01/2022,12:52:17,9,ug/m^3,0,ug/m^3,24,33.5,%RH,16.2,DEGREE C,728,CO2 ppm,1031.7,hPa,1
1163,21/01/2022,12:52:19,9,ug/m^3,0,ug/m^3,24,33.5,%RH,16.2,DEGREE C,728,CO2 ppm,1031.7,hPa,1
1164,21/01/2022,12:52:21,9,ug/m^3,0,ug/m^3,24,33.5,%RH,16.2,DEGREE C,728,CO2 ppm,1031.7,hPa,1
1165,21/01/2022,12:52:23,9,ug/m^3,0,ug/m^3,24,33.7,%RH,16.2,DEGREE C,741,CO2 ppm,1032,hPa,1
1166,21/01/2022,12:52:25,9,ug/m^3,0,ug/m^3,24,33.7,%RH,16.3,DEGREE C,741,CO2 ppm,1032,hPa,1
1167,21/01/2022,12:52:27,9,ug/m^3,0,ug/m^3,24,33.6,%RH,16.3,DEGREE C,749,CO2 ppm,1032,hPa,1
1168,21/01/2022,12:52:29,8,ug/m^3,0,ug/m^3,24,33.6,%RH,16.3,DEGREE C,753,CO2 ppm,1032.4,hPa,1
1169,21/01/2022,12:52:31,8,ug/m^3,0,ug/m^3,24,33.7,%RH,16.4,DEGREE C,754,CO2 ppm,1032.3,hPa,1
1170,21/01/2022,12:52:33,8,ug/m^3,0,ug/m^3,24,33.7,%RH,16.4,DEGREE C,754,CO2 ppm,1032.3,hPa,1
1171,21/01/2022,12:52:35,8,ug/m^3,0,ug/m^3,24,33.7,%RH,16.5,DEGREE C,754,CO2 ppm,1032.3,hPa,1
1172,21/01/2022,12:52:37,8,ug/m^3,0,ug/m^3,24,33.6,%RH,16.5,DEGREE C,752,CO2 ppm,1032.3,hPa,1
1173,21/01/2022,12:52:39,8,ug/m^3,0,ug/m^3,24,33.6,%RH,16.6,DEGREE C,752,CO2 ppm,1032.3,hPa,1
1174,21/01/2022,12:52:41,7,ug/m^3,0,ug/m^3,24,33.3,%RH,16.6,DEGREE C,749,CO2 ppm,1032.3,hPa,1
1175,21/01/2022,12:52:43,7,ug/m^3,0,ug/m^3,24,33.3,%RH,16.6,DEGREE C,749,CO2 ppm,1032.3,hPa,1
1176,21/01/2022,12:52:45,7,ug/m^3,0,ug/m^3,24,33.3,%RH,16.6,DEGREE C,749,CO2 ppm,1032.3,hPa,1
1177,21/01/2022,12:52:47,7,ug/m^3,0,ug/m^3,24,33.3,%RH,16.7,DEGREE C,747,CO2 ppm,1032.3,hPa,1
1178,21/01/2022,12:52:49,7,ug/m^3,0,ug/m^3,24,33.2,%RH,16.6,DEGREE C,747,CO2 ppm,1032.3,hPa,1
1179,21/01/2022,12:52:51,7,ug/m^3,0,ug/m^3,24,33.2,%RH,16.6,DEGREE C,747,CO2 ppm,1032.3,hPa,1
1180,21/01/2022,12:52:53,7,ug/m^3,0,ug/m^3,24,33.2,%RH,16.7,DEGREE C,746,CO2 ppm,1032.3,hPa,1
1181,21/01/2022,12:52:55,7,ug/m^3,0,ug/m^3,24,33.2,%RH,16.8,DEGREE C,746,CO2 ppm,1032.3,hPa,1
1182,21/01/2022,12:52:57,7,ug/m^3,0,ug/m^3,24,33.2,%RH,16.8,DEGREE C,746,CO2 ppm,1032.3,hPa,1
1183,21/01/2022,12:52:59,7,ug/m^3,0,ug/m^3,24,33.2,%RH,16.9,DEGREE C,745,CO2 ppm,1032.3,hPa,1
1184,21/01/2022,12:53:01,7,ug/m^3,0,ug/m^3,24,33.2,%RH,17,DEGREE C,745,CO2 ppm,1032.3,hPa,1
1185,21/01/2022,12:53:03,7,ug/m^3,0,ug/m^3,24,33.2,%RH,17,DEGREE C,745,CO2 ppm,1032.3,hPa,1
1186,21/01/2022,12:53:05,7,ug/m^3,0,ug/m^3,24,33.2,%RH,17.1,DEGREE C,745,CO2 ppm,1032.3,hPa,1
1187,21/01/2022,12:53:07,7,ug/m^3,0,ug/m^3,24,33.1,%RH,17.1,DEGREE C,744,CO2 ppm,1032.1,hPa,1
1188,21/01/2022,12:53:09,7,ug/m^3,0,ug/m^3,24,33.1,%RH,17.2,DEGREE C,744,CO2 ppm,1032.1,hPa,1
1189,21/01/2022,12:53:11,7,ug/m^3,0,ug/m^3,24,33,%RH,17.2,DEGREE C,742,CO2 ppm,1031.8,hPa,1
1190,21/01/2022,12:53:13,6,ug/m^3,0,ug/m^3,24,32.9,%RH,17.3,DEGREE C,739,CO2 ppm,1031.2,hPa,1
1191,21/01/2022,12:53:15,6,ug/m^3,0,ug/m^3,24,32.9,%RH,17.3,DEGREE C,737,CO2 ppm,1031.4,hPa,1
1192,21/01/2022,12:53:17,6,ug/m^3,0,ug/m^3,24,32.9,%RH,17.4,DEGREE C,737,CO2 ppm,1031.4,hPa,1
1193,21/01/2022,12:53:19,6,ug/m^3,0,ug/m^3,24,32.9,%RH,17.3,DEGREE C,737,CO2 ppm,1031.4,hPa,1
1194,21/01/2022,12:53:21,6,ug/m^3,0,ug/m^3,24,32.9,%RH,17.3,DEGREE C,736,CO2 ppm,1031.4,hPa,1
1195,21/01/2022,12:53:23,6,ug/m^3,0,ug/m^3,24,32.8,%RH,17.3,DEGREE C,737,CO2 ppm,1031,hPa,1
1196,21/01/2022,12:53:25,6,ug/m^3,0,ug/m^3,24,32.7,%RH,17.3,DEGREE C,739,CO2 ppm,1031,hPa,1
1197,21/01/2022,12:53:27,6,ug/m^3,0,ug/m^3,24,32.9,%RH,17.3,DEGREE C,741,CO2 ppm,1030.7,hPa,1
1198,21/01/2022,12:53:29,7,ug/m^3,0,ug/m^3,24,32.9,%RH,17.2,DEGREE C,742,CO2 ppm,1031.5,hPa,1
1199,21/01/2022,12:53:31,7,ug/m^3,0,ug/m^3,24,32.9,%RH,17.3,DEGREE C,742,CO2 ppm,1031.5,hPa,1
1200,21/01/2022,12:53:33,8,ug/m^3,0,ug/m^3,24,33,%RH,17.4,DEGREE C,742,CO2 ppm,1032.2,hPa,1
1201,21/01/2022,12:53:35,8,ug/m^3,0,ug/m^3,24,33,%RH,17.4,DEGREE C,743,CO2 ppm,1032.2,hPa,1
1202,21/01/2022,12:53:37,9,ug/m^3,0,ug/m^3,24,33,%RH,17.3,DEGREE C,744,CO2 ppm,1032.6,hPa,1
1203,21/01/2022,12:53:39,9,ug/m^3,0,ug/m^3,24,33.2,%RH,17.4,DEGREE C,747,CO2 ppm,1032.9,hPa,1
1204,21/01/2022,12:53:41,9,ug/m^3,0,ug/m^3,24,33.3,%RH,17.4,DEGREE C,749,CO2 ppm,1033,hPa,1
1205,21/01/2022,12:53:43,9,ug/m^3,0,ug/m^3,24,33.2,%RH,17.5,DEGREE C,752,CO2 ppm,1033.2,hPa,1
1206,21/01/2022,12:53:45,9,ug/m^3,0,ug/m^3,24,33.2,%RH,17.6,DEGREE C,755,CO2 ppm,1033.7,hPa,1
1207,21/01/2022,12:53:47,9,ug/m^3,0,ug/m^3,24,32.9,%RH,17.6,DEGREE C,757,CO2 ppm,1032.5,hPa,1
1208,21/01/2022,12:53:49,9,ug/m^3,0,ug/m^3,24,32.8,%RH,17.5,DEGREE C,757,CO2 ppm,1033.1,hPa,1
1209,21/01/2022,12:53:51,9,ug/m^3,0,ug/m^3,24,32.8,%RH,17.5,DEGREE C,757,CO2 ppm,1033.1,hPa,1
1210,21/01/2022,12:53:53,9,ug/m^3,0,ug/m^3,24,32.8,%RH,17.5,DEGREE C,756,CO2 ppm,1033.1,hPa,1
1211,21/01/2022,12:53:55,9,ug/m^3,0,ug/m^3,24,32.8,%RH,17.5,DEGREE C,756,CO2 ppm,1033.1,hPa,1
1212,21/01/2022,12:53:57,9,ug/m^3,0,ug/m^3,24,32.8,%RH,17.5,DEGREE C,756,CO2 ppm,1033.1,hPa,1
1213,21/01/2022,12:53:59,9,ug/m^3,0,ug/m^3,24,32.8,%RH,17.7,DEGREE C,756,CO2 ppm,1033.1,hPa,1
1214,21/01/2022,12:54:01,9,ug/m^3,0,ug/m^3,24,32.8,%RH,17.6,DEGREE C,756,CO2 ppm,1033.1,hPa,1
1215,21/01/2022,12:54:03,9,ug/m^3,0,ug/m^3,24,32.8,%RH,17.6,DEGREE C,756,CO2 ppm,1033.1,hPa,1
1216,21/01/2022,12:54:05,9,ug/m^3,0,ug/m^3,24,32.8,%RH,17.6,DEGREE C,755,CO2 ppm,1033.1,hPa,1
1217,21/01/2022,12:54:07,9,ug/m^3,0,ug/m^3,24,32.9,%RH,17.6,DEGREE C,753,CO2 ppm,1032.3,hPa,1
1218,21/01/2022,12:54:09,9,ug/m^3,0,ug/m^3,24,32.9,%RH,17.6,DEGREE C,753,CO2 ppm,1032.3,hPa,1
1219,21/01/2022,12:54:11,9,ug/m^3,0,ug/m^3,24,33,%RH,17.5,DEGREE C,751,CO2 ppm,1032.5,hPa,1
1220,21/01/2022,12:54:13,9,ug/m^3,0,ug/m^3,24,33,%RH,17.5,DEGREE C,751,CO2 ppm,1032.5,hPa,1
1221,21/01/2022,12:54:15,9,ug/m^3,0,ug/m^3,24,33.3,%RH,17.6,DEGREE C,750,CO2 ppm,1032.3,hPa,1
1222,21/01/2022,12:54:17,9,ug/m^3,0,ug/m^3,24,33.5,%RH,17.7,DEGREE C,749,CO2 ppm,1032.3,hPa,1
1223,21/01/2022,12:54:19,9,ug/m^3,0,ug/m^3,24,33.5,%RH,17.8,DEGREE C,749,CO2 ppm,1032.3,hPa,1
1224,21/01/2022,12:54:21,9,ug/m^3,0,ug/m^3,24,33.4,%RH,17.8,DEGREE C,750,CO2 ppm,1032.9,hPa,1
1225,21/01/2022,12:54:23,9,ug/m^3,0,ug/m^3,24,33.4,%RH,17.8,DEGREE C,751,CO2 ppm,1033,hPa,1
1226,21/01/2022,12:54:25,9,ug/m^3,0,ug/m^3,24,33.4,%RH,17.8,DEGREE C,751,CO2 ppm,1033,hPa,1
1227,21/01/2022,12:54:27,10,ug/m^3,0,ug/m^3,24,33.4,%RH,17.9,DEGREE C,752,CO2 ppm,1033.6,hPa,1
1228,21/01/2022,12:54:29,10,ug/m^3,0,ug/m^3,24,33.4,%RH,17.9,DEGREE C,752,CO2 ppm,1033.6,hPa,1
1229,21/01/2022,12:54:31,10,ug/m^3,0,ug/m^3,24,33.4,%RH,17.8,DEGREE C,752,CO2 ppm,1033.6,hPa,1
1230,21/01/2022,12:54:33,10,ug/m^3,0,ug/m^3,24,33.3,%RH,17.8,DEGREE C,755,CO2 ppm,1033.6,hPa,1
1231,21/01/2022,12:54:35,10,ug/m^3,0,ug/m^3,24,33.3,%RH,17.8,DEGREE C,759,CO2 ppm,1034.3,hPa,1
1232,21/01/2022,12:54:37,10,ug/m^3,0,ug/m^3,24,33.6,%RH,17.8,DEGREE C,764,CO2 ppm,1034.3,hPa,1
1233,21/01/2022,12:54:39,11,ug/m^3,0,ug/m^3,24,34.2,%RH,17.8,DEGREE C,768,CO2 ppm,1034.2,hPa,1
1234,21/01/2022,12:54:41,11,ug/m^3,0,ug/m^3,24,33.7,%RH,17.8,DEGREE C,772,CO2 ppm,1034.2,hPa,1
1235,21/01/2022,12:54:43,11,ug/m^3,0,ug/m^3,24,33.4,%RH,17.8,DEGREE C,775,CO2 ppm,1034.2,hPa,1
1236,21/01/2022,12:54:45,11,ug/m^3,0,ug/m^3,24,33.2,%RH,17.8,DEGREE C,775,CO2 ppm,1034.2,hPa,1
1237,21/01/2022,12:54:47,11,ug/m^3,0,ug/m^3,24,33.2,%RH,17.8,DEGREE C,777,CO2 ppm,1034.2,hPa,1
1238,21/01/2022,12:54:49,11,ug/m^3,0,ug/m^3,24,33.2,%RH,17.8,DEGREE C,777,CO2 ppm,1034.6,hPa,1
1239,21/01/2022,12:54:51,11,ug/m^3,0,ug/m^3,24,33.2,%RH,17.8,DEGREE C,778,CO2 ppm,1034.6,hPa,1
1240,21/01/2022,12:54:53,11,ug/m^3,0,ug/m^3,24,33.2,%RH,18,DEGREE C,778,CO2 ppm,1034.6,hPa,1
1241,21/01/2022,12:54:55,11,ug/m^3,0,ug/m^3,24,33.2,%RH,18,DEGREE C,778,CO2 ppm,1034.6,hPa,1
1242,21/01/2022,12:54:57,11,ug/m^3,0,ug/m^3,24,33.2,%RH,18,DEGREE C,778,CO2 ppm,1034.6,hPa,1
1243,21/01/2022,12:54:59,11,ug/m^3,0,ug/m^3,24,33.2,%RH,17.9,DEGREE C,778,CO2 ppm,1034.6,hPa,1
1244,21/01/2022,12:55:01,11,ug/m^3,0,ug/m^3,24,33.2,%RH,17.9,DEGREE C,778,CO2 ppm,1034.6,hPa,1
1245,21/01/2022,12:55:03,11,ug/m^3,0,ug/m^3,24,33.2,%RH,17.9,DEGREE C,779,CO2 ppm,1034.6,hPa,1
1246,21/01/2022,12:55:05,11,ug/m^3,0,ug/m^3,24,33.2,%RH,18,DEGREE C,779,CO2 ppm,1034.6,hPa,1
1247,21/01/2022,12:55:07,11,ug/m^3,0,ug/m^3,24,33.2,%RH,17.9,DEGREE C,779,CO2 ppm,1034.6,hPa,1
1248,21/01/2022,12:55:09,11,ug/m^3,0,ug/m^3,24,33.4,%RH,17.9,DEGREE C,779,CO2 ppm,1035.1,hPa,1
1249,21/01/2022,12:55:11,11,ug/m^3,0,ug/m^3,24,33.6,%RH,18,DEGREE C,778,CO2 ppm,1034.8,hPa,1
1250,21/01/2022,12:55:13,11,ug/m^3,0,ug/m^3,24,33.6,%RH,17.9,DEGREE C,777,CO2 ppm,1035.2,hPa,1
1251,21/01/2022,12:55:15,11,ug/m^3,0,ug/m^3,24,33.6,%RH,18,DEGREE C,777,CO2 ppm,1035.2,hPa,1
1252,21/01/2022,12:55:17,11,ug/m^3,0,ug/m^3,24,33.6,%RH,17.9,DEGREE C,777,CO2 ppm,1035.2,hPa,1
1253,21/01/2022,12:55:19,11,ug/m^3,0,ug/m^3,24,33.8,%RH,18,DEGREE C,778,CO2 ppm,1034.7,hPa,1
1254,21/01/2022,12:55:21,11,ug/m^3,0,ug/m^3,24,33.6,%RH,18,DEGREE C,779,CO2 ppm,1034.7,hPa,1
1255,21/01/2022,12:55:23,11,ug/m^3,0,ug/m^3,24,33.7,%RH,18.1,DEGREE C,780,CO2 ppm,1034.9,hPa,1
1256,21/01/2022,12:55:25,11,ug/m^3,0,ug/m^3,24,33.9,%RH,18.1,DEGREE C,780,CO2 ppm,1034.7,hPa,1
1257,21/01/2022,12:55:27,11,ug/m^3,0,ug/m^3,24,33.9,%RH,18.1,DEGREE C,779,CO2 ppm,1035,hPa,1
1258,21/01/2022,12:55:29,11,ug/m^3,0,ug/m^3,24,33.6,%RH,18.1,DEGREE C,779,CO2 ppm,1034.8,hPa,1
1259,21/01/2022,12:55:31,11,ug/m^3,0,ug/m^3,24,33.6,%RH,18.1,DEGREE C,778,CO2 ppm,1034.8,hPa,1
1260,21/01/2022,12:55:33,11,ug/m^3,0,ug/m^3,24,33.7,%RH,18.2,DEGREE C,775,CO2 ppm,1035,hPa,1
1261,21/01/2022,12:55:35,11,ug/m^3,0,ug/m^3,24,33.7,%RH,18.2,DEGREE C,770,CO2 ppm,1035,hPa,1
1262,21/01/2022,12:55:37,11,ug/m^3,0,ug/m^3,24,33.7,%RH,18.2,DEGREE C,768,CO2 ppm,1035.2,hPa,1
1263,21/01/2022,12:55:39,11,ug/m^3,0,ug/m^3,24,33.7,%RH,18.3,DEGREE C,769,CO2 ppm,1035.2,hPa,1
1264,21/01/2022,12:55:41,12,ug/m^3,0,ug/m^3,24,33.6,%RH,18.2,DEGREE C,769,CO2 ppm,1035.4,hPa,2
1265,21/01/2022,12:55:43,12,ug/m^3,0,ug/m^3,24,33.6,%RH,18.2,DEGREE C,772,CO2 ppm,1035.4,hPa,2