Place,Date,Time,Value,Unit,Value,Unit,Value,Unit,Value,Unit,Value,Unit,Value,Unit
589,16/02/2022,15:55:00,17.8,WBGT Temp C,52.3,%RH C      ,22.8,TA Temp C  ,21.5,TG Temp C  ,16.3,WET Temp C ,12.5,DP Temp C  
590,16/02/2022,15:55:01,17.8,WBGT Temp C,52.3,%RH C      ,22.8,TA Temp C  ,21.5,TG Temp C  ,16.3,WET Temp C ,12.5,DP Temp C  
591,16/02/2022,15:55:02,17.8,WBGT Temp C,52.3,%RH C      ,22.8,TA Temp C  ,21.5,TG Temp C  ,16.3,WET Temp C ,12.5,DP Temp C  
592,16/02/2022,15:55:03,17.8,WBGT Temp C,52.3,%RH C      ,22.8,TA Temp C  ,21.5,TG Temp C  ,16.3,WET Temp C ,12.5,DP Temp C  
593,16/02/2022,15:55:04,17.8,WBGT Temp C,52.3,%RH C      ,22.8,TA Temp C  ,21.5,TG Temp C  ,16.3,WET Temp C ,12.5,DP Temp C  
594,16/02/2022,15:55:05,17.8,WBGT Temp C,52.4,%RH C      ,22.8,TA Temp C  ,21.5,TG Temp C  ,16.3,WET Temp C ,12.5,DP Temp C  
595,16/02/2022,15:55:06,17.8,WBGT Temp C,52.4,%RH C      ,22.8,TA Temp C  ,21.5,TG Temp C  ,16.3,WET Temp C ,12.5,DP Temp C  
596,16/02/2022,15:55:07,17.8,WBGT Temp C,52.6,%RH C      ,22.8,TA Temp C  ,21.5,TG Temp C  ,16.3,WET Temp C ,12.5,DP Temp C  
597,16/02/2022,15:55:08,17.9,WBGT Temp C,52.6,%RH C      ,22.8,TA Temp C  ,21.5,TG Temp C  ,16.4,WET Temp C ,12.6,DP Temp C  
598,16/02/2022,15:55:09,17.9,WBGT Temp C,52.6,%RH C      ,22.8,TA Temp C  ,21.5,TG Temp C  ,16.4,WET Temp C ,12.6,DP Temp C  
599,16/02/2022,15:55:10,17.9,WBGT Temp C,52.6,%RH C      ,22.8,TA Temp C  ,21.5,TG Temp C  ,16.4,WET Temp C ,12.6,DP Temp C  
600,16/02/2022,15:55:11,17.9,WBGT Temp C,52.5,%RH C      ,22.9,TA Temp C  ,21.5,TG Temp C  ,16.4,WET Temp C ,12.6,DP Temp C  
601,16/02/2022,15:55:12,17.9,WBGT Temp C,52.5,%RH C      ,22.8,TA Temp C  ,21.5,TG Temp C  ,16.4,WET Temp C ,12.6,DP Temp C  
602,16/02/2022,15:55:13,17.9,WBGT Temp C,52.4,%RH C      ,22.8,TA Temp C  ,21.5,TG Temp C  ,16.3,WET Temp C ,12.5,DP Temp C  
603,16/02/2022,15:55:14,17.8,WBGT Temp C,52.5,%RH C      ,22.8,TA Temp C  ,21.5,TG Temp C  ,16.3,WET Temp C ,12.5,DP Temp C  
604,16/02/2022,15:55:15,17.8,WBGT Temp C,52.5,%RH C      ,22.8,TA Temp C  ,21.5,TG Temp C  ,16.3,WET Temp C ,12.5,DP Temp C  
605,16/02/2022,15:55:16,17.8,WBGT Temp C,52.5,%RH C      ,22.8,TA Temp C  ,21.5,TG Temp C  ,16.3,WET Temp C ,12.5,DP Temp C  
606,16/02/2022,15:55:17,17.8,WBGT Temp C,52.5,%RH C      ,22.8,TA Temp C  ,21.5,TG Temp C  ,16.3,WET Temp C ,12.5,DP Temp C  
607,16/02/2022,15:55:18,17.8,WBGT Temp C,52.4,%RH C      ,22.8,TA Temp C  ,21.5,TG Temp C  ,16.3,WET Temp C ,12.5,DP Temp C  
608,16/02/2022,15:55:19,17.8,WBGT Temp C,52.4,%RH C      ,22.8,TA Temp C  ,21.5,TG Temp C  ,16.3,WET Temp C ,12.5,DP Temp C  
609,16/02/2022,15:55:20,17.8,WBGT Temp C,52.4,%RH C      ,22.8,TA Temp C  ,21.5,TG Temp C  ,16.3,WET Temp C ,12.5,DP Temp C  
610,16/02/2022,15:55:21,17.8,WBGT Temp C,52.4,%RH C      ,22.8,TA Temp C  ,21.5,TG Temp C  ,16.3,WET Temp C ,12.5,DP Temp C  
611,16/02/2022,15:55:22,17.8,WBGT Temp C,52.4,%RH C      ,22.8,TA Temp C  ,21.5,TG Temp C  ,16.3,WET Temp C ,12.5,DP Temp C  
612,16/02/2022,15:55:23,17.8,WBGT Temp C,52.5,%RH C      ,22.8,TA Temp C  ,21.5,TG Temp C  ,16.3,WET Temp C ,12.5,DP Temp C  
613,16/02/2022,15:55:24,17.8,WBGT Temp C,52.5,%RH C      ,22.8,TA Temp C  ,21.5,TG Temp C  ,16.3,WET Temp C ,12.5,DP Temp C  
614,16/02/2022,15:55:25,17.8,WBGT Temp C,52.4,%RH C      ,22.8,TA Temp C  ,21.5,TG Temp C  ,16.3,WET Temp C ,12.5,DP Temp C  
615,16/02/2022,15:55:26,17.8,WBGT Temp C,52.4,%RH C      ,22.8,TA Temp C  ,21.5,TG Temp C  ,16.3,WET Temp C ,12.5,DP Temp C  
616,16/02/2022,15:55:27,17.8,WBGT Temp C,52.4,%RH C      ,22.8,TA Temp C  ,21.5,TG Temp C  ,16.3,WET Temp C ,12.5,DP Temp C  
617,16/02/2022,15:55:28,17.8,WBGT Temp C,52.4,%RH C      ,22.8,TA Temp C  ,21.5,TG Temp C  ,16.3,WET Temp C ,12.5,DP Temp C  
618,16/02/2022,15:55:29,17.8,WBGT Temp C,52.4,%RH C      ,22.8,TA Temp C  ,21.5,TG Temp C  ,16.3,WET Temp C ,12.5,DP Temp C  
619,16/02/2022,15:55:30,17.8,WBGT Temp C,52.4,%RH C      ,22.8,TA Temp C  ,21.5,TG Temp C  ,16.3,WET Temp C ,12.5,DP Temp C  
620,16/02/2022,15:55:31,17.8,WBGT Temp C,52.5,%RH C      ,22.8,TA Temp C  ,21.5,TG Temp C  ,16.3,WET Temp C ,12.5,DP Temp C  
621,16/02/2022,15:55:32,17.8,WBGT Temp C,52.5,%RH C      ,22.8,TA Temp C  ,21.5,TG Temp C  ,16.3,WET Temp C ,12.5,DP Temp C  
622,16/02/2022,15:55:33,17.9,WBGT Temp C,52.6,%RH C      ,22.8,TA Temp C  ,21.5,TG Temp C  ,16.4,WET Temp C ,12.6,DP Temp C  
623,16/02/2022,15:55:34,17.9,WBGT Temp C,52.7,%RH C      ,22.8,TA Temp C  ,21.5,TG Temp C  ,16.4,WET Temp C ,12.6,DP Temp C  
624,16/02/2022,15:55:35,17.9,WBGT Temp C,52.7,%RH C      ,22.8,TA Temp C  ,21.5,TG Temp C  ,16.4,WET Temp C ,12.6,DP Temp C  
625,16/02/2022,15:55:36,17.9,WBGT Temp C,52.7,%RH C      ,22.8,TA Temp C  ,21.5,TG Temp C  ,16.4,WET Temp C ,12.6,DP Temp C  
626,16/02/2022,15:55:37,17.9,WBGT Temp C,52.7,%RH C      ,22.8,TA Temp C  ,21.5,TG Temp C  ,16.4,WET Temp C ,12.6,DP Temp C  
627,16/02/2022,15:55:38,17.9,WBGT Temp C,52.7,%RH C      ,22.8,TA Temp C  ,21.5,TG Temp C  ,16.4,WET Temp C ,12.6,DP Temp C  
628,16/02/2022,15:55:39,17.9,WBGT Temp C,52.8,%RH C      ,22.8,TA Temp C  ,21.5,TG Temp C  ,16.4,WET Temp C ,12.6,DP Temp C  
629,16/02/2022,15:55:40,17.9,WBGT Temp C,52.8,%RH C      ,22.8,TA Temp C  ,21.5,TG Temp C  ,16.4,WET Temp C ,12.6,DP Temp C  
630,16/02/2022,15:55:41,17.9,WBGT Temp C,52.9,%RH C      ,22.7,TA Temp C  ,21.5,TG Temp C  ,16.4,WET Temp C ,12.6,DP Temp C  
631,16/02/2022,15:55:42,17.8,WBGT Temp C,52.9,%RH C      ,22.7,TA Temp C  ,21.5,TG Temp C  ,16.3,WET Temp C ,12.6,DP Temp C  
632,16/02/2022,15:55:43,17.8,WBGT Temp C,53,%RH C      ,22.7,TA Temp C  ,21.5,TG Temp C  ,16.3,WET Temp C ,12.6,DP Temp C  
633,16/02/2022,15:55:44,17.8,WBGT Temp C,53,%RH C      ,22.7,TA Temp C  ,21.5,TG Temp C  ,16.3,WET Temp C ,12.6,DP Temp C  
634,16/02/2022,15:55:45,17.8,WBGT Temp C,53,%RH C      ,22.7,TA Temp C  ,21.5,TG Temp C  ,16.3,WET Temp C ,12.6,DP Temp C  
635,16/02/2022,15:55:46,17.8,WBGT Temp C,53,%RH C      ,22.7,TA Temp C  ,21.5,TG Temp C  ,16.3,WET Temp C ,12.6,DP Temp C  
636,16/02/2022,15:55:47,17.8,WBGT Temp C,53,%RH C      ,22.7,TA Temp C  ,21.5,TG Temp C  ,16.3,WET Temp C ,12.6,DP Temp C  
637,16/02/2022,15:55:48,17.8,WBGT Temp C,53,%RH C      ,22.7,TA Temp C  ,21.5,TG Temp C  ,16.3,WET Temp C ,12.6,DP Temp C  
638,16/02/2022,15:55:49,17.8,WBGT Temp C,53,%RH C      ,22.7,TA Temp C  ,21.5,TG Temp C  ,16.3,WET Temp C ,12.6,DP Temp C  
639,16/02/2022,15:55:50,17.8,WBGT Temp C,53,%RH C      ,22.7,TA Temp C  ,21.5,TG Temp C  ,16.3,WET Temp C ,12.6,DP Temp C  
640,16/02/2022,15:55:51,17.8,WBGT Temp C,53,%RH C      ,22.7,TA Temp C  ,21.5,TG Temp C  ,16.3,WET Temp C ,12.6,DP Temp C  
641,16/02/2022,15:55:52,17.8,WBGT Temp C,52.9,%RH C      ,22.7,TA Temp C  ,21.5,TG Temp C  ,16.3,WET Temp C ,12.6,DP Temp C  
642,16/02/2022,15:55:53,17.8,WBGT Temp C,52.9,%RH C      ,22.7,TA Temp C  ,21.5,TG Temp C  ,16.3,WET Temp C ,12.6,DP Temp C  
643,16/02/2022,15:55:54,17.8,WBGT Temp C,52.9,%RH C      ,22.7,TA Temp C  ,21.5,TG Temp C  ,16.3,WET Temp C ,12.6,DP Temp C  
644,16/02/2022,15:55:55,17.8,WBGT Temp C,52.8,%RH C      ,22.7,TA Temp C  ,21.5,TG Temp C  ,16.3,WET Temp C ,12.5,DP Temp C  
645,16/02/2022,15:55:56,17.8,WBGT Temp C,52.8,%RH C      ,22.7,TA Temp C  ,21.5,TG Temp C  ,16.3,WET Temp C ,12.5,DP Temp C  
646,16/02/2022,15:55:57,17.8,WBGT Temp C,52.8,%RH C      ,22.7,TA Temp C  ,21.5,TG Temp C  ,16.3,WET Temp C ,12.5,DP Temp C  
647,16/02/2022,15:55:58,17.8,WBGT Temp C,52.8,%RH C      ,22.7,TA Temp C  ,21.5,TG Temp C  ,16.3,WET Temp C ,12.5,DP Temp C  
648,16/02/2022,15:55:59,17.8,WBGT Temp C,52.8,%RH C      ,22.7,TA Temp C  ,21.5,TG Temp C  ,16.3,WET Temp C ,12.5,DP Temp C  
649,16/02/2022,15:56:00,17.8,WBGT Temp C,52.8,%RH C      ,22.7,TA Temp C  ,21.5,TG Temp C  ,16.3,WET Temp C ,12.5,DP Temp C  
650,16/02/2022,15:56:01,17.8,WBGT Temp C,52.8,%RH C      ,22.7,TA Temp C  ,21.5,TG Temp C  ,16.3,WET Temp C ,12.5,DP Temp C  
651,16/02/2022,15:56:02,17.8,WBGT Temp C,52.8,%RH C      ,22.7,TA Temp C  ,21.5,TG Temp C  ,16.3,WET Temp C ,12.5,DP Temp C  
652,16/02/2022,15:56:03,17.8,WBGT Temp C,52.8,%RH C      ,22.7,TA Temp C  ,21.5,TG Temp C  ,16.3,WET Temp C ,12.5,DP Temp C  
653,16/02/2022,15:56:04,17.8,WBGT Temp C,52.8,%RH C      ,22.7,TA Temp C  ,21.5,TG Temp C  ,16.3,WET Temp C ,12.5,DP Temp C  
654,16/02/2022,15:56:05,17.8,WBGT Temp C,52.8,%RH C      ,22.7,TA Temp C  ,21.5,TG Temp C  ,16.3,WET Temp C ,12.5,DP Temp C  
655,16/02/2022,15:56:06,17.8,WBGT Temp C,52.9,%RH C      ,22.7,TA Temp C  ,21.5,TG Temp C  ,16.3,WET Temp C ,12.6,DP Temp C  
656,16/02/2022,15:56:07,17.8,WBGT Temp C,52.9,%RH C      ,22.7,TA Temp C  ,21.5,TG Temp C  ,16.3,WET Temp C ,12.6,DP Temp C  
657,16/02/2022,15:56:08,17.8,WBGT Temp C,52.8,%RH C      ,22.7,TA Temp C  ,21.5,TG Temp C  ,16.3,WET Temp C ,12.5,DP Temp C  
658,16/02/2022,15:56:09,17.8,WBGT Temp C,52.8,%RH C      ,22.7,TA Temp C  ,21.5,TG Temp C  ,16.3,WET Temp C ,12.5,DP Temp C  
659,16/02/2022,15:56:10,17.8,WBGT Temp C,52.8,%RH C      ,22.7,TA Temp C  ,21.5,TG Temp C  ,16.3,WET Temp C ,12.5,DP Temp C  
660,16/02/2022,15:56:11,17.8,WBGT Temp C,52.8,%RH C      ,22.7,TA Temp C  ,21.5,TG Temp C  ,16.3,WET Temp C ,12.5,DP Temp C  
661,16/02/2022,15:56:12,17.8,WBGT Temp C,52.8,%RH C      ,22.7,TA Temp C  ,21.5,TG Temp C  ,16.3,WET Temp C ,12.5,DP Temp C  
662,16/02/2022,15:56:13,17.8,WBGT Temp C,52.8,%RH C      ,22.7,TA Temp C  ,21.5,TG Temp C  ,16.3,WET Temp C ,12.5,DP Temp C  
663,16/02/2022,15:56:14,17.8,WBGT Temp C,52.8,%RH C      ,22.7,TA Temp C  ,21.5,TG Temp C  ,16.3,WET Temp C ,12.5,DP Temp C  
664,16/02/2022,15:56:15,17.8,WBGT Temp C,52.8,%RH C      ,22.7,TA Temp C  ,21.5,TG Temp C  ,16.3,WET Temp C ,12.5,DP Temp C  
665,16/02/2022,15:56:16,17.8,WBGT Temp C,52.8,%RH C      ,22.7,TA Temp C  ,21.5,TG Temp C  ,16.3,WET Temp C ,12.5,DP Temp C  
666,16/02/2022,15:56:17,17.8,WBGT Temp C,52.8,%RH C      ,22.7,TA Temp C  ,21.5,TG Temp C  ,16.3,WET Temp C ,12.5,DP Temp C  
667,16/02/2022,15:56:18,17.8,WBGT Temp C,52.8,%RH C      ,22.7,TA Temp C  ,21.5,TG Temp C  ,16.3,WET Temp C ,12.5,DP Temp C  
668,16/02/2022,15:56:19,17.8,WBGT Temp C,52.9,%RH C      ,22.7,TA Temp C  ,21.5,TG Temp C  ,16.3,WET Temp C ,12.6,DP Temp C  
669,16/02/2022,15:56:20,17.8,WBGT Temp C,52.9,%RH C      ,22.7,TA Temp C  ,21.5,TG Temp C  ,16.3,WET Temp C ,12.6,DP Temp C  
670,16/02/2022,15:56:21,17.8,WBGT Temp C,52.9,%RH C      ,22.7,TA Temp C  ,21.5,TG Temp C  ,16.3,WET Temp C ,12.6,DP Temp C  
671,16/02/2022,15:56:22,17.8,WBGT Temp C,53,%RH C      ,22.7,TA Temp C  ,21.5,TG Temp C  ,16.3,WET Temp C ,12.6,DP Temp C  
672,16/02/2022,15:56:23,17.8,WBGT Temp C,53,%RH C      ,22.7,TA Temp C  ,21.5,TG Temp C  ,16.3,WET Temp C ,12.6,DP Temp C  
673,16/02/2022,15:56:24,17.8,WBGT Temp C,53,%RH C      ,22.7,TA Temp C  ,21.5,TG Temp C  ,16.3,WET Temp C ,12.6,DP Temp C  
674,16/02/2022,15:56:25,17.8,WBGT Temp C,53,%RH C      ,22.7,TA Temp C  ,21.5,TG Temp C  ,16.3,WET Temp C ,12.6,DP Temp C  
675,16/02/2022,15:56:26,17.8,WBGT Temp C,53,%RH C      ,22.7,TA Temp C  ,21.5,TG Temp C  ,16.3,WET Temp C ,12.6,DP Temp C  
676,16/02/2022,15:56:27,17.8,WBGT Temp C,52.9,%RH C      ,22.7,TA Temp C  ,21.5,TG Temp C  ,16.3,WET Temp C ,12.6,DP Temp C  
677,16/02/2022,15:56:28,17.8,WBGT Temp C,52.9,%RH C      ,22.7,TA Temp C  ,21.5,TG Temp C  ,16.3,WET Temp C ,12.6,DP Temp C  
678,16/02/2022,15:56:29,17.8,WBGT Temp C,52.9,%RH C      ,22.7,TA Temp C  ,21.5,TG Temp C  ,16.3,WET Temp C ,12.6,DP Temp C  
679,16/02/2022,15:56:30,17.8,WBGT Temp C,52.9,%RH C      ,22.7,TA Temp C  ,21.5,TG Temp C  ,16.3,WET Temp C ,12.6,DP Temp C  
680,16/02/2022,15:56:31,17.8,WBGT Temp C,52.9,%RH C      ,22.7,TA Temp C  ,21.5,TG Temp C  ,16.3,WET Temp C ,12.6,DP Temp C  
681,16/02/2022,15:56:32,17.8,WBGT Temp C,52.9,%RH C      ,22.7,TA Temp C  ,21.5,TG Temp C  ,16.3,WET Temp C ,12.6,DP Temp C  
682,16/02/2022,15:56:33,17.8,WBGT Temp C,52.9,%RH C      ,22.7,TA Temp C  ,21.5,TG Temp C  ,16.3,WET Temp C ,12.6,DP Temp C  
683,16/02/2022,15:56:34,17.8,WBGT Temp C,52.8,%RH C      ,22.7,TA Temp C  ,21.5,TG Temp C  ,16.3,WET Temp C ,12.5,DP Temp C  
684,16/02/2022,15:56:35,17.8,WBGT Temp C,52.8,%RH C      ,22.7,TA Temp C  ,21.5,TG Temp C  ,16.3,WET Temp C ,12.5,DP Temp C  
685,16/02/2022,15:56:36,17.8,WBGT Temp C,52.8,%RH C      ,22.7,TA Temp C  ,21.5,TG Temp C  ,16.3,WET Temp C ,12.5,DP Temp C  
686,16/02/2022,15:56:37,17.8,WBGT Temp C,52.8,%RH C      ,22.7,TA Temp C  ,21.5,TG Temp C  ,16.3,WET Temp C ,12.5,DP Temp C  
687,16/02/2022,15:56:38,17.8,WBGT Temp C,52.8,%RH C      ,22.7,TA Temp C  ,21.5,TG Temp C  ,16.3,WET Temp C ,12.5,DP Temp C  
688,16/02/2022,15:56:39,17.8,WBGT Temp C,52.8,%RH C      ,22.7,TA Temp C  ,21.5,TG Temp C  ,16.3,WET Temp C ,12.5,DP Temp C  
689,16/02/2022,15:56:40,17.8,WBGT Temp C,52.8,%RH C      ,22.7,TA Temp C  ,21.5,TG Temp C  ,16.3,WET Temp C ,12.5,DP Temp C  
690,16/02/2022,15:56:41,17.8,WBGT Temp C,52.8,%RH C      ,22.7,TA Temp C  ,21.5,TG Temp C  ,16.3,WET Temp C ,12.5,DP Temp C  
691,16/02/2022,15:56:42,17.8,WBGT Temp C,52.9,%RH C      ,22.7,TA Temp C  ,21.5,TG Temp C  ,16.3,WET Temp C ,12.6,DP Temp C  
692,16/02/2022,15:56:43,17.8,WBGT Temp C,52.9,%RH C      ,22.7,TA Temp C  ,21.5,TG Temp C  ,16.3,WET Temp C ,12.6,DP Temp C  
693,16/02/2022,15:56:44,17.8,WBGT Temp C,52.9,%RH C      ,22.7,TA Temp C  ,21.5,TG Temp C  ,16.3,WET Temp C ,12.6,DP Temp C  
694,16/02/2022,15:56:45,17.8,WBGT Temp C,52.9,%RH C      ,22.7,TA Temp C  ,21.5,TG Temp C  ,16.3,WET Temp C ,12.6,DP Temp C  
695,16/02/2022,15:56:46,17.8,WBGT Temp C,52.9,%RH C      ,22.7,TA Temp C  ,21.5,TG Temp C  ,16.3,WET Temp C ,12.6,DP Temp C  
696,16/02/2022,15:56:47,17.8,WBGT Temp C,52.8,%RH C      ,22.7,TA Temp C  ,21.4,TG Temp C  ,16.3,WET Temp C ,12.5,DP Temp C  
697,16/02/2022,15:56:48,17.8,WBGT Temp C,52.8,%RH C      ,22.7,TA Temp C  ,21.4,TG Temp C  ,16.3,WET Temp C ,12.5,DP Temp C  
698,16/02/2022,15:56:49,17.8,WBGT Temp C,52.8,%RH C      ,22.7,TA Temp C  ,21.4,TG Temp C  ,16.3,WET Temp C ,12.5,DP Temp C  
699,16/02/2022,15:56:50,17.8,WBGT Temp C,52.8,%RH C      ,22.7,TA Temp C  ,21.4,TG Temp C  ,16.3,WET Temp C ,12.5,DP Temp C  
700,16/02/2022,15:56:51,17.8,WBGT Temp C,52.8,%RH C      ,22.7,TA Temp C  ,21.4,TG Temp C  ,16.3,WET Temp C ,12.5,DP Temp C  
701,16/02/2022,15:56:52,17.8,WBGT Temp C,52.8,%RH C      ,22.7,TA Temp C  ,21.4,TG Temp C  ,16.3,WET Temp C ,12.5,DP Temp C  
702,16/02/2022,15:56:53,17.8,WBGT Temp C,52.8,%RH C      ,22.7,TA Temp C  ,21.4,TG Temp C  ,16.3,WET Temp C ,12.5,DP Temp C  
703,16/02/2022,15:56:54,17.8,WBGT Temp C,52.7,%RH C      ,22.7,TA Temp C  ,21.4,TG Temp C  ,16.3,WET Temp C ,12.5,DP Temp C  
704,16/02/2022,15:56:55,17.8,WBGT Temp C,52.7,%RH C      ,22.7,TA Temp C  ,21.4,TG Temp C  ,16.3,WET Temp C ,12.5,DP Temp C  
705,16/02/2022,15:56:56,17.8,WBGT Temp C,52.8,%RH C      ,22.7,TA Temp C  ,21.4,TG Temp C  ,16.3,WET Temp C ,12.5,DP Temp C  
706,16/02/2022,15:56:57,17.8,WBGT Temp C,52.8,%RH C      ,22.7,TA Temp C  ,21.4,TG Temp C  ,16.3,WET Temp C ,12.5,DP Temp C  
707,16/02/2022,15:56:58,17.8,WBGT Temp C,52.8,%RH C      ,22.7,TA Temp C  ,21.4,TG Temp C  ,16.3,WET Temp C ,12.5,DP Temp C  
708,16/02/2022,15:56:59,17.8,WBGT Temp C,52.8,%RH C      ,22.7,TA Temp C  ,21.4,TG Temp C  ,16.3,WET Temp C ,12.5,DP Temp C  
709,16/02/2022,15:57:00,17.8,WBGT Temp C,52.8,%RH C      ,22.7,TA Temp C  ,21.4,TG Temp C  ,16.3,WET Temp C ,12.5,DP Temp C  
710,16/02/2022,15:57:01,17.8,WBGT Temp C,52.8,%RH C      ,22.7,TA Temp C  ,21.4,TG Temp C  ,16.3,WET Temp C ,12.5,DP Temp C  
711,16/02/2022,15:57:02,17.8,WBGT Temp C,52.8,%RH C      ,22.7,TA Temp C  ,21.4,TG Temp C  ,16.3,WET Temp C ,12.5,DP Temp C  
712,16/02/2022,15:57:03,17.8,WBGT Temp C,52.8,%RH C      ,22.7,TA Temp C  ,21.4,TG Temp C  ,16.3,WET Temp C ,12.5,DP Temp C  
713,16/02/2022,15:57:04,17.8,WBGT Temp C,52.8,%RH C      ,22.7,TA Temp C  ,21.4,TG Temp C  ,16.3,WET Temp C ,12.5,DP Temp C  
714,16/02/2022,15:57:05,17.8,WBGT Temp C,52.8,%RH C      ,22.7,TA Temp C  ,21.4,TG Temp C  ,16.3,WET Temp C ,12.5,DP Temp C  
715,16/02/2022,15:57:06,17.8,WBGT Temp C,52.8,%RH C      ,22.7,TA Temp C  ,21.4,TG Temp C  ,16.3,WET Temp C ,12.5,DP Temp C  
716,16/02/2022,15:57:07,17.8,WBGT Temp C,52.8,%RH C      ,22.7,TA Temp C  ,21.4,TG Temp C  ,16.3,WET Temp C ,12.5,DP Temp C  
717,16/02/2022,15:57:08,17.8,WBGT Temp C,52.8,%RH C      ,22.7,TA Temp C  ,21.4,TG Temp C  ,16.3,WET Temp C ,12.5,DP Temp C  
718,16/02/2022,15:57:09,17.8,WBGT Temp C,52.8,%RH C      ,22.7,TA Temp C  ,21.4,TG Temp C  ,16.3,WET Temp C ,12.5,DP Temp C  
719,16/02/2022,15:57:10,17.8,WBGT Temp C,52.8,%RH C      ,22.7,TA Temp C  ,21.4,TG Temp C  ,16.3,WET Temp C ,12.5,DP Temp C  
720,16/02/2022,15:57:11,17.8,WBGT Temp C,52.8,%RH C      ,22.7,TA Temp C  ,21.4,TG Temp C  ,16.3,WET Temp C ,12.5,DP Temp C  
721,16/02/2022,15:57:12,17.8,WBGT Temp C,52.9,%RH C      ,22.7,TA Temp C  ,21.4,TG Temp C  ,16.3,WET Temp C ,12.6,DP Temp C  
722,16/02/2022,15:57:13,17.8,WBGT Temp C,52.9,%RH C      ,22.7,TA Temp C  ,21.4,TG Temp C  ,16.3,WET Temp C ,12.6,DP Temp C  
723,16/02/2022,15:57:14,17.8,WBGT Temp C,52.8,%RH C      ,22.7,TA Temp C  ,21.4,TG Temp C  ,16.3,WET Temp C ,12.6,DP Temp C  
724,16/02/2022,15:57:15,17.8,WBGT Temp C,52.8,%RH C      ,22.7,TA Temp C  ,21.4,TG Temp C  ,16.3,WET Temp C ,12.5,DP Temp C  
725,16/02/2022,15:57:16,17.8,WBGT Temp C,52.8,%RH C      ,22.7,TA Temp C  ,21.4,TG Temp C  ,16.3,WET Temp C ,12.5,DP Temp C  
726,16/02/2022,15:57:17,17.8,WBGT Temp C,52.8,%RH C      ,22.7,TA Temp C  ,21.4,TG Temp C  ,16.3,WET Temp C ,12.5,DP Temp C  
727,16/02/2022,15:57:18,17.8,WBGT Temp C,52.8,%RH C      ,22.7,TA Temp C  ,21.4,TG Temp C  ,16.3,WET Temp C ,12.5,DP Temp C  
728,16/02/2022,15:57:19,17.8,WBGT Temp C,52.8,%RH C      ,22.7,TA Temp C  ,21.4,TG Temp C  ,16.3,WET Temp C ,12.5,DP Temp C  
729,16/02/2022,15:57:20,17.8,WBGT Temp C,52.8,%RH C      ,22.7,TA Temp C  ,21.4,TG Temp C  ,16.3,WET Temp C ,12.5,DP Temp C  
730,16/02/2022,15:57:21,17.8,WBGT Temp C,52.8,%RH C      ,22.7,TA Temp C  ,21.4,TG Temp C  ,16.3,WET Temp C ,12.5,DP Temp C  
731,16/02/2022,15:57:22,17.8,WBGT Temp C,52.8,%RH C      ,22.7,TA Temp C  ,21.4,TG Temp C  ,16.3,WET Temp C ,12.5,DP Temp C  
732,16/02/2022,15:57:23,17.8,WBGT Temp C,52.8,%RH C      ,22.7,TA Temp C  ,21.4,TG Temp C  ,16.3,WET Temp C ,12.5,DP Temp C  
733,16/02/2022,15:57:24,17.8,WBGT Temp C,52.8,%RH C      ,22.7,TA Temp C  ,21.4,TG Temp C  ,16.3,WET Temp C ,12.5,DP Temp C  
734,16/02/2022,15:57:25,17.8,WBGT Temp C,52.8,%RH C      ,22.7,TA Temp C  ,21.4,TG Temp C  ,16.3,WET Temp C ,12.5,DP Temp C  
735,16/02/2022,15:57:26,17.8,WBGT Temp C,52.8,%RH C      ,22.7,TA Temp C  ,21.4,TG Temp C  ,16.3,WET Temp C ,12.5,DP Temp C  
736,16/02/2022,15:57:27,17.8,WBGT Temp C,52.8,%RH C      ,22.7,TA Temp C  ,21.4,TG Temp C  ,16.3,WET Temp C ,12.5,DP Temp C  
737,16/02/2022,15:57:28,17.8,WBGT Temp C,52.8,%RH C      ,22.7,TA Temp C  ,21.4,TG Temp C  ,16.3,WET Temp C ,12.5,DP Temp C  
738,16/02/2022,15:57:29,17.8,WBGT Temp C,52.8,%RH C      ,22.7,TA Temp C  ,21.4,TG Temp C  ,16.3,WET Temp C ,12.5,DP Temp C  
739,16/02/2022,15:57:30,17.8,WBGT Temp C,52.9,%RH C      ,22.7,TA Temp C  ,21.4,TG Temp C  ,16.3,WET Temp C ,12.6,DP Temp C  
740,16/02/2022,15:57:31,17.8,WBGT Temp C,52.9,%RH C      ,22.7,TA Temp C  ,21.4,TG Temp C  ,16.3,WET Temp C ,12.6,DP Temp C  
741,16/02/2022,15:57:32,17.8,WBGT Temp C,52.8,%RH C      ,22.6,TA Temp C  ,21.4,TG Temp C  ,16.3,WET Temp C ,12.6,DP Temp C  
742,16/02/2022,15:57:33,17.7,WBGT Temp C,52.8,%RH C      ,22.6,TA Temp C  ,21.4,TG Temp C  ,16.2,WET Temp C ,12.4,DP Temp C  
743,16/02/2022,15:57:34,17.7,WBGT Temp C,52.9,%RH C      ,22.6,TA Temp C  ,21.4,TG Temp C  ,16.2,WET Temp C ,12.5,DP Temp C  
744,16/02/2022,15:57:35,17.7,WBGT Temp C,52.9,%RH C      ,22.6,TA Temp C  ,21.4,TG Temp C  ,16.2,WET Temp C ,12.5,DP Temp C  
745,16/02/2022,15:57:36,17.7,WBGT Temp C,52.9,%RH C      ,22.6,TA Temp C  ,21.4,TG Temp C  ,16.2,WET Temp C ,12.5,DP Temp C  
746,16/02/2022,15:57:37,17.7,WBGT Temp C,52.9,%RH C      ,22.6,TA Temp C  ,21.4,TG Temp C  ,16.2,WET Temp C ,12.5,DP Temp C  
747,16/02/2022,15:57:38,17.7,WBGT Temp C,52.9,%RH C      ,22.6,TA Temp C  ,21.4,TG Temp C  ,16.2,WET Temp C ,12.5,DP Temp C  
748,16/02/2022,15:57:39,17.7,WBGT Temp C,52.9,%RH C      ,22.6,TA Temp C  ,21.4,TG Temp C  ,16.2,WET Temp C ,12.5,DP Temp C  
749,16/02/2022,15:57:40,17.7,WBGT Temp C,52.9,%RH C      ,22.6,TA Temp C  ,21.4,TG Temp C  ,16.2,WET Temp C ,12.5,DP Temp C  
750,16/02/2022,15:57:41,17.7,WBGT Temp C,53,%RH C      ,22.6,TA Temp C  ,21.4,TG Temp C  ,16.2,WET Temp C ,12.5,DP Temp C  
751,16/02/2022,15:57:42,17.8,WBGT Temp C,53,%RH C      ,22.6,TA Temp C  ,21.4,TG Temp C  ,16.3,WET Temp C ,12.5,DP Temp C  
752,16/02/2022,15:57:43,17.8,WBGT Temp C,53.1,%RH C      ,22.6,TA Temp C  ,21.4,TG Temp C  ,16.3,WET Temp C ,12.5,DP Temp C  
753,16/02/2022,15:57:44,17.8,WBGT Temp C,53.1,%RH C      ,22.6,TA Temp C  ,21.4,TG Temp C  ,16.3,WET Temp C ,12.5,DP Temp C  
754,16/02/2022,15:57:45,17.8,WBGT Temp C,53.1,%RH C      ,22.6,TA Temp C  ,21.4,TG Temp C  ,16.3,WET Temp C ,12.5,DP Temp C  
755,16/02/2022,15:57:46,17.8,WBGT Temp C,53.1,%RH C      ,22.6,TA Temp C  ,21.4,TG Temp C  ,16.3,WET Temp C ,12.5,DP Temp C  
756,16/02/2022,15:57:47,17.8,WBGT Temp C,53,%RH C      ,22.6,TA Temp C  ,21.4,TG Temp C  ,16.3,WET Temp C ,12.5,DP Temp C  
757,16/02/2022,15:57:48,17.8,WBGT Temp C,53,%RH C      ,22.6,TA Temp C  ,21.4,TG Temp C  ,16.3,WET Temp C ,12.5,DP Temp C  
758,16/02/2022,15:57:49,17.8,WBGT Temp C,53,%RH C      ,22.6,TA Temp C  ,21.4,TG Temp C  ,16.3,WET Temp C ,12.5,DP Temp C  
759,16/02/2022,15:57:50,17.8,WBGT Temp C,52.9,%RH C      ,22.6,TA Temp C  ,21.4,TG Temp C  ,16.3,WET Temp C ,12.5,DP Temp C  
760,16/02/2022,15:57:51,17.7,WBGT Temp C,52.9,%RH C      ,22.6,TA Temp C  ,21.4,TG Temp C  ,16.2,WET Temp C ,12.5,DP Temp C  
761,16/02/2022,15:57:52,17.7,WBGT Temp C,52.9,%RH C      ,22.6,TA Temp C  ,21.4,TG Temp C  ,16.2,WET Temp C ,12.5,DP Temp C  
762,16/02/2022,15:57:53,17.7,WBGT Temp C,52.9,%RH C      ,22.6,TA Temp C  ,21.4,TG Temp C  ,16.2,WET Temp C ,12.5,DP Temp C  
763,16/02/2022,15:57:54,17.7,WBGT Temp C,52.9,%RH C      ,22.6,TA Temp C  ,21.4,TG Temp C  ,16.2,WET Temp C ,12.5,DP Temp C  
764,16/02/2022,15:57:55,17.7,WBGT Temp C,52.9,%RH C      ,22.6,TA Temp C  ,21.4,TG Temp C  ,16.2,WET Temp C ,12.5,DP Temp C  
765,16/02/2022,15:57:56,17.7,WBGT Temp C,52.9,%RH C      ,22.6,TA Temp C  ,21.4,TG Temp C  ,16.2,WET Temp C ,12.5,DP Temp C  
766,16/02/2022,15:57:57,17.7,WBGT Temp C,53,%RH C      ,22.6,TA Temp C  ,21.4,TG Temp C  ,16.2,WET Temp C ,12.5,DP Temp C  
767,16/02/2022,15:57:58,17.8,WBGT Temp C,53,%RH C      ,22.6,TA Temp C  ,21.4,TG Temp C  ,16.3,WET Temp C ,12.5,DP Temp C  
768,16/02/2022,15:57:59,17.8,WBGT Temp C,53,%RH C      ,22.6,TA Temp C  ,21.4,TG Temp C  ,16.3,WET Temp C ,12.5,DP Temp C  
769,16/02/2022,15:58:00,17.8,WBGT Temp C,53,%RH C      ,22.6,TA Temp C  ,21.4,TG Temp C  ,16.3,WET Temp C ,12.5,DP Temp C  
770,16/02/2022,15:58:01,17.8,WBGT Temp C,53,%RH C      ,22.6,TA Temp C  ,21.4,TG Temp C  ,16.3,WET Temp C ,12.5,DP Temp C  
771,16/02/2022,15:58:02,17.8,WBGT Temp C,53,%RH C      ,22.6,TA Temp C  ,21.4,TG Temp C  ,16.3,WET Temp C ,12.5,DP Temp C  
772,16/02/2022,15:58:03,17.8,WBGT Temp C,53.1,%RH C      ,22.6,TA Temp C  ,21.4,TG Temp C  ,16.3,WET Temp C ,12.5,DP Temp C  
773,16/02/2022,15:58:04,17.8,WBGT Temp C,53.1,%RH C      ,22.6,TA Temp C  ,21.3,TG Temp C  ,16.3,WET Temp C ,12.5,DP Temp C  
774,16/02/2022,15:58:05,17.8,WBGT Temp C,53.1,%RH C      ,22.6,TA Temp C  ,21.3,TG Temp C  ,16.3,WET Temp C ,12.5,DP Temp C  
775,16/02/2022,15:58:06,17.8,WBGT Temp C,53.1,%RH C      ,22.6,TA Temp C  ,21.3,TG Temp C  ,16.3,WET Temp C ,12.5,DP Temp C  
776,16/02/2022,15:58:07,17.8,WBGT Temp C,53.1,%RH C      ,22.6,TA Temp C  ,21.3,TG Temp C  ,16.3,WET Temp C ,12.5,DP Temp C  
777,16/02/2022,15:58:08,17.8,WBGT Temp C,53.1,%RH C      ,22.6,TA Temp C  ,21.3,TG Temp C  ,16.3,WET Temp C ,12.5,DP Temp C  
778,16/02/2022,15:58:09,17.8,WBGT Temp C,53.1,%RH C      ,22.6,TA Temp C  ,21.3,TG Temp C  ,16.3,WET Temp C ,12.5,DP Temp C  
779,16/02/2022,15:58:10,17.8,WBGT Temp C,53.1,%RH C      ,22.6,TA Temp C  ,21.3,TG Temp C  ,16.3,WET Temp C ,12.5,DP Temp C  
780,16/02/2022,15:58:11,17.8,WBGT Temp C,53.1,%RH C      ,22.6,TA Temp C  ,21.3,TG Temp C  ,16.3,WET Temp C ,12.5,DP Temp C  
781,16/02/2022,15:58:12,17.8,WBGT Temp C,53.1,%RH C      ,22.6,TA Temp C  ,21.3,TG Temp C  ,16.3,WET Temp C ,12.5,DP Temp C  
782,16/02/2022,15:58:13,17.8,WBGT Temp C,53.1,%RH C      ,22.6,TA Temp C  ,21.3,TG Temp C  ,16.3,WET Temp C ,12.5,DP Temp C  
783,16/02/2022,15:58:14,17.8,WBGT Temp C,53.1,%RH C      ,22.6,TA Temp C  ,21.3,TG Temp C  ,16.3,WET Temp C ,12.5,DP Temp C  
784,16/02/2022,15:58:15,17.8,WBGT Temp C,53.1,%RH C      ,22.6,TA Temp C  ,21.3,TG Temp C  ,16.3,WET Temp C ,12.5,DP Temp C  
785,16/02/2022,15:58:16,17.8,WBGT Temp C,53.1,%RH C      ,22.6,TA Temp C  ,21.3,TG Temp C  ,16.3,WET Temp C ,12.5,DP Temp C  
786,16/02/2022,15:58:17,17.8,WBGT Temp C,53.1,%RH C      ,22.6,TA Temp C  ,21.3,TG Temp C  ,16.3,WET Temp C ,12.5,DP Temp C  
787,16/02/2022,15:58:18,17.8,WBGT Temp C,53.1,%RH C      ,22.6,TA Temp C  ,21.3,TG Temp C  ,16.3,WET Temp C ,12.5,DP Temp C  
788,16/02/2022,15:58:19,17.8,WBGT Temp C,53.1,%RH C      ,22.6,TA Temp C  ,21.3,TG Temp C  ,16.3,WET Temp C ,12.5,DP Temp C  
789,16/02/2022,15:58:20,17.8,WBGT Temp C,53.1,%RH C      ,22.6,TA Temp C  ,21.3,TG Temp C  ,16.3,WET Temp C ,12.5,DP Temp C  
790,16/02/2022,15:58:21,17.8,WBGT Temp C,53.1,%RH C      ,22.6,TA Temp C  ,21.3,TG Temp C  ,16.3,WET Temp C ,12.5,DP Temp C  
791,16/02/2022,15:58:22,17.8,WBGT Temp C,53.1,%RH C      ,22.6,TA Temp C  ,21.3,TG Temp C  ,16.3,WET Temp C ,12.5,DP Temp C  
792,16/02/2022,15:58:23,17.8,WBGT Temp C,53.1,%RH C      ,22.6,TA Temp C  ,21.3,TG Temp C  ,16.3,WET Temp C ,12.5,DP Temp C  
793,16/02/2022,15:58:24,17.8,WBGT Temp C,53.1,%RH C      ,22.6,TA Temp C  ,21.3,TG Temp C  ,16.3,WET Temp C ,12.5,DP Temp C  
794,16/02/2022,15:58:25,17.8,WBGT Temp C,53.1,%RH C      ,22.6,TA Temp C  ,21.3,TG Temp C  ,16.3,WET Temp C ,12.5,DP Temp C  
795,16/02/2022,15:58:26,17.8,WBGT Temp C,53.1,%RH C      ,22.6,TA Temp C  ,21.3,TG Temp C  ,16.3,WET Temp C ,12.5,DP Temp C  
796,16/02/2022,15:58:27,17.8,WBGT Temp C,53.1,%RH C      ,22.6,TA Temp C  ,21.3,TG Temp C  ,16.3,WET Temp C ,12.5,DP Temp C  
797,16/02/2022,15:58:28,17.8,WBGT Temp C,53.2,%RH C      ,22.5,TA Temp C  ,21.3,TG Temp C  ,16.3,WET Temp C ,12.5,DP Temp C  
798,16/02/2022,15:58:29,17.7,WBGT Temp C,53.2,%RH C      ,22.5,TA Temp C  ,21.3,TG Temp C  ,16.2,WET Temp C ,12.5,DP Temp C  
799,16/02/2022,15:58:30,17.7,WBGT Temp C,53.2,%RH C      ,22.5,TA Temp C  ,21.3,TG Temp C  ,16.2,WET Temp C ,12.5,DP Temp C  
800,16/02/2022,15:58:31,17.7,WBGT Temp C,53.2,%RH C      ,22.5,TA Temp C  ,21.3,TG Temp C  ,16.2,WET Temp C ,12.5,DP Temp C  
801,16/02/2022,15:58:32,17.7,WBGT Temp C,53.2,%RH C      ,22.5,TA Temp C  ,21.3,TG Temp C  ,16.2,WET Temp C ,12.5,DP Temp C  
802,16/02/2022,15:58:33,17.7,WBGT Temp C,53.3,%RH C      ,22.5,TA Temp C  ,21.3,TG Temp C  ,16.2,WET Temp C ,12.5,DP Temp C  
803,16/02/2022,15:58:34,17.7,WBGT Temp C,53.3,%RH C      ,22.5,TA Temp C  ,21.3,TG Temp C  ,16.2,WET Temp C ,12.5,DP Temp C  
804,16/02/2022,15:58:35,17.7,WBGT Temp C,53.3,%RH C      ,22.5,TA Temp C  ,21.3,TG Temp C  ,16.2,WET Temp C ,12.5,DP Temp C  
805,16/02/2022,15:58:36,17.7,WBGT Temp C,53.3,%RH C      ,22.5,TA Temp C  ,21.3,TG Temp C  ,16.2,WET Temp C ,12.5,DP Temp C  
806,16/02/2022,15:58:37,17.7,WBGT Temp C,53.3,%RH C      ,22.5,TA Temp C  ,21.3,TG Temp C  ,16.2,WET Temp C ,12.5,DP Temp C  
807,16/02/2022,15:58:38,17.7,WBGT Temp C,53.3,%RH C      ,22.5,TA Temp C  ,21.3,TG Temp C  ,16.2,WET Temp C ,12.5,DP Temp C  
808,16/02/2022,15:58:39,17.7,WBGT Temp C,53.3,%RH C      ,22.5,TA Temp C  ,21.3,TG Temp C  ,16.2,WET Temp C ,12.5,DP Temp C  
809,16/02/2022,15:58:40,17.7,WBGT Temp C,53.3,%RH C      ,22.5,TA Temp C  ,21.3,TG Temp C  ,16.2,WET Temp C ,12.5,DP Temp C  
810,16/02/2022,15:58:41,17.7,WBGT Temp C,53.2,%RH C      ,22.5,TA Temp C  ,21.3,TG Temp C  ,16.2,WET Temp C ,12.5,DP Temp C  
811,16/02/2022,15:58:42,17.7,WBGT Temp C,53.3,%RH C      ,22.5,TA Temp C  ,21.3,TG Temp C  ,16.2,WET Temp C ,12.5,DP Temp C  
812,16/02/2022,15:58:43,17.7,WBGT Temp C,53.3,%RH C      ,22.5,TA Temp C  ,21.3,TG Temp C  ,16.2,WET Temp C ,12.5,DP Temp C  
813,16/02/2022,15:58:44,17.7,WBGT Temp C,53.4,%RH C      ,22.5,TA Temp C  ,21.3,TG Temp C  ,16.2,WET Temp C ,12.5,DP Temp C  
814,16/02/2022,15:58:45,17.7,WBGT Temp C,53.4,%RH C      ,22.5,TA Temp C  ,21.3,TG Temp C  ,16.2,WET Temp C ,12.5,DP Temp C  
815,16/02/2022,15:58:46,17.7,WBGT Temp C,53.5,%RH C      ,22.5,TA Temp C  ,21.3,TG Temp C  ,16.2,WET Temp C ,12.5,DP Temp C  
816,16/02/2022,15:58:47,17.7,WBGT Temp C,53.5,%RH C      ,22.5,TA Temp C  ,21.3,TG Temp C  ,16.2,WET Temp C ,12.5,DP Temp C  
817,16/02/2022,15:58:48,17.8,WBGT Temp C,53.6,%RH C      ,22.5,TA Temp C  ,21.3,TG Temp C  ,16.3,WET Temp C ,12.6,DP Temp C  
818,16/02/2022,15:58:49,17.8,WBGT Temp C,53.6,%RH C      ,22.5,TA Temp C  ,21.3,TG Temp C  ,16.3,WET Temp C ,12.6,DP Temp C  
819,16/02/2022,15:58:50,17.8,WBGT Temp C,53.6,%RH C      ,22.5,TA Temp C  ,21.3,TG Temp C  ,16.3,WET Temp C ,12.6,DP Temp C  
820,16/02/2022,15:58:51,17.8,WBGT Temp C,53.6,%RH C      ,22.5,TA Temp C  ,21.3,TG Temp C  ,16.3,WET Temp C ,12.6,DP Temp C  
821,16/02/2022,15:58:52,17.8,WBGT Temp C,53.6,%RH C      ,22.5,TA Temp C  ,21.3,TG Temp C  ,16.3,WET Temp C ,12.6,DP Temp C  
822,16/02/2022,15:58:53,17.8,WBGT Temp C,53.6,%RH C      ,22.5,TA Temp C  ,21.3,TG Temp C  ,16.3,WET Temp C ,12.6,DP Temp C  
823,16/02/2022,15:58:54,17.8,WBGT Temp C,53.6,%RH C      ,22.5,TA Temp C  ,21.3,TG Temp C  ,16.3,WET Temp C ,12.6,DP Temp C  
824,16/02/2022,15:58:55,17.8,WBGT Temp C,53.6,%RH C      ,22.5,TA Temp C  ,21.3,TG Temp C  ,16.3,WET Temp C ,12.6,DP Temp C  
825,16/02/2022,15:58:56,17.8,WBGT Temp C,53.6,%RH C      ,22.5,TA Temp C  ,21.3,TG Temp C  ,16.3,WET Temp C ,12.6,DP Temp C  
826,16/02/2022,15:58:57,17.7,WBGT Temp C,53.5,%RH C      ,22.5,TA Temp C  ,21.3,TG Temp C  ,16.2,WET Temp C ,12.5,DP Temp C  
827,16/02/2022,15:58:58,17.7,WBGT Temp C,53.5,%RH C      ,22.5,TA Temp C  ,21.3,TG Temp C  ,16.2,WET Temp C ,12.5,DP Temp C  
828,16/02/2022,15:58:59,17.7,WBGT Temp C,53.4,%RH C      ,22.5,TA Temp C  ,21.3,TG Temp C  ,16.2,WET Temp C ,12.5,DP Temp C  
829,16/02/2022,15:59:00,17.7,WBGT Temp C,53.4,%RH C      ,22.5,TA Temp C  ,21.3,TG Temp C  ,16.2,WET Temp C ,12.5,DP Temp C  
830,16/02/2022,15:59:01,17.7,WBGT Temp C,53.4,%RH C      ,22.5,TA Temp C  ,21.3,TG Temp C  ,16.2,WET Temp C ,12.5,DP Temp C  
831,16/02/2022,15:59:02,17.7,WBGT Temp C,53.3,%RH C      ,22.5,TA Temp C  ,21.3,TG Temp C  ,16.2,WET Temp C ,12.5,DP Temp C  
832,16/02/2022,15:59:03,17.7,WBGT Temp C,53.3,%RH C      ,22.5,TA Temp C  ,21.3,TG Temp C  ,16.2,WET Temp C ,12.5,DP Temp C  
833,16/02/2022,15:59:04,17.7,WBGT Temp C,53.3,%RH C      ,22.5,TA Temp C  ,21.3,TG Temp C  ,16.2,WET Temp C ,12.5,DP Temp C  
834,16/02/2022,15:59:05,17.7,WBGT Temp C,53.3,%RH C      ,22.5,TA Temp C  ,21.3,TG Temp C  ,16.2,WET Temp C ,12.5,DP Temp C  
835,16/02/2022,15:59:06,17.7,WBGT Temp C,53.3,%RH C      ,22.5,TA Temp C  ,21.3,TG Temp C  ,16.2,WET Temp C ,12.5,DP Temp C  
836,16/02/2022,15:59:07,17.7,WBGT Temp C,53.3,%RH C      ,22.5,TA Temp C  ,21.3,TG Temp C  ,16.2,WET Temp C ,12.5,DP Temp C  
837,16/02/2022,15:59:08,17.7,WBGT Temp C,53.3,%RH C      ,22.5,TA Temp C  ,21.3,TG Temp C  ,16.2,WET Temp C ,12.5,DP Temp C  
838,16/02/2022,15:59:09,17.7,WBGT Temp C,53.3,%RH C      ,22.5,TA Temp C  ,21.3,TG Temp C  ,16.2,WET Temp C ,12.5,DP Temp C  
839,16/02/2022,15:59:10,17.7,WBGT Temp C,53.3,%RH C      ,22.5,TA Temp C  ,21.3,TG Temp C  ,16.2,WET Temp C ,12.5,DP Temp C  
840,16/02/2022,15:59:11,17.7,WBGT Temp C,53.3,%RH C      ,22.5,TA Temp C  ,21.3,TG Temp C  ,16.2,WET Temp C ,12.5,DP Temp C  
841,16/02/2022,15:59:12,17.7,WBGT Temp C,53.3,%RH C      ,22.5,TA Temp C  ,21.3,TG Temp C  ,16.2,WET Temp C ,12.5,DP Temp C  
842,16/02/2022,15:59:13,17.7,WBGT Temp C,53.3,%RH C      ,22.5,TA Temp C  ,21.3,TG Temp C  ,16.2,WET Temp C ,12.5,DP Temp C  
843,16/02/2022,15:59:14,17.7,WBGT Temp C,53.2,%RH C      ,22.5,TA Temp C  ,21.3,TG Temp C  ,16.2,WET Temp C ,12.5,DP Temp C  
844,16/02/2022,15:59:15,17.7,WBGT Temp C,53.2,%RH C      ,22.5,TA Temp C  ,21.3,TG Temp C  ,16.2,WET Temp C ,12.5,DP Temp C  
845,16/02/2022,15:59:16,17.7,WBGT Temp C,53.1,%RH C      ,22.5,TA Temp C  ,21.3,TG Temp C  ,16.2,WET Temp C ,12.5,DP Temp C  
846,16/02/2022,15:59:17,17.7,WBGT Temp C,53.1,%RH C      ,22.5,TA Temp C  ,21.3,TG Temp C  ,16.2,WET Temp C ,12.4,DP Temp C  
847,16/02/2022,15:59:18,17.7,WBGT Temp C,53.1,%RH C      ,22.5,TA Temp C  ,21.3,TG Temp C  ,16.2,WET Temp C ,12.4,DP Temp C  
848,16/02/2022,15:59:19,17.7,WBGT Temp C,53.1,%RH C      ,22.5,TA Temp C  ,21.3,TG Temp C  ,16.2,WET Temp C ,12.4,DP Temp C  
849,16/02/2022,15:59:20,17.7,WBGT Temp C,53.2,%RH C      ,22.5,TA Temp C  ,21.2,TG Temp C  ,16.2,WET Temp C ,12.5,DP Temp C  
850,16/02/2022,15:59:21,17.7,WBGT Temp C,53.2,%RH C      ,22.5,TA Temp C  ,21.2,TG Temp C  ,16.2,WET Temp C ,12.5,DP Temp C  
851,16/02/2022,15:59:22,17.7,WBGT Temp C,53.2,%RH C      ,22.5,TA Temp C  ,21.2,TG Temp C  ,16.2,WET Temp C ,12.5,DP Temp C  
852,16/02/2022,15:59:23,17.7,WBGT Temp C,53.2,%RH C      ,22.6,TA Temp C  ,21.2,TG Temp C  ,16.2,WET Temp C ,12.5,DP Temp C  
853,16/02/2022,15:59:24,17.7,WBGT Temp C,53.2,%RH C      ,22.6,TA Temp C  ,21.2,TG Temp C  ,16.3,WET Temp C ,12.5,DP Temp C  
854,16/02/2022,15:59:25,17.7,WBGT Temp C,53.3,%RH C      ,22.5,TA Temp C  ,21.2,TG Temp C  ,16.3,WET Temp C ,12.5,DP Temp C  
855,16/02/2022,15:59:26,17.7,WBGT Temp C,53.3,%RH C      ,22.5,TA Temp C  ,21.2,TG Temp C  ,16.2,WET Temp C ,12.5,DP Temp C  
856,16/02/2022,15:59:27,17.7,WBGT Temp C,53.3,%RH C      ,22.5,TA Temp C  ,21.2,TG Temp C  ,16.2,WET Temp C ,12.5,DP Temp C  
857,16/02/2022,15:59:28,17.7,WBGT Temp C,53.3,%RH C      ,22.5,TA Temp C  ,21.2,TG Temp C  ,16.2,WET Temp C ,12.5,DP Temp C  
858,16/02/2022,15:59:29,17.7,WBGT Temp C,53.4,%RH C      ,22.5,TA Temp C  ,21.2,TG Temp C  ,16.2,WET Temp C ,12.5,DP Temp C  
859,16/02/2022,15:59:30,17.7,WBGT Temp C,53.4,%RH C      ,22.5,TA Temp C  ,21.2,TG Temp C  ,16.2,WET Temp C ,12.5,DP Temp C  
860,16/02/2022,15:59:31,17.7,WBGT Temp C,53.4,%RH C      ,22.5,TA Temp C  ,21.2,TG Temp C  ,16.2,WET Temp C ,12.5,DP Temp C  
861,16/02/2022,15:59:32,17.7,WBGT Temp C,53.7,%RH C      ,22.5,TA Temp C  ,21.2,TG Temp C  ,16.2,WET Temp C ,12.6,DP Temp C  
862,16/02/2022,15:59:33,17.7,WBGT Temp C,53.7,%RH C      ,22.5,TA Temp C  ,21.2,TG Temp C  ,16.3,WET Temp C ,12.6,DP Temp C  
863,16/02/2022,15:59:34,17.7,WBGT Temp C,53.8,%RH C      ,22.5,TA Temp C  ,21.2,TG Temp C  ,16.3,WET Temp C ,12.6,DP Temp C  
864,16/02/2022,15:59:35,17.7,WBGT Temp C,53.8,%RH C      ,22.5,TA Temp C  ,21.2,TG Temp C  ,16.3,WET Temp C ,12.6,DP Temp C  
865,16/02/2022,15:59:36,17.7,WBGT Temp C,53.9,%RH C      ,22.5,TA Temp C  ,21.2,TG Temp C  ,16.3,WET Temp C ,12.7,DP Temp C  
866,16/02/2022,15:59:37,17.7,WBGT Temp C,53.9,%RH C      ,22.5,TA Temp C  ,21.2,TG Temp C  ,16.3,WET Temp C ,12.7,DP Temp C  
867,16/02/2022,15:59:38,17.8,WBGT Temp C,54.2,%RH C      ,22.5,TA Temp C  ,21.2,TG Temp C  ,16.4,WET Temp C ,12.7,DP Temp C  
868,16/02/2022,15:59:39,17.8,WBGT Temp C,54.2,%RH C      ,22.5,TA Temp C  ,21.2,TG Temp C  ,16.4,WET Temp C ,12.7,DP Temp C  
869,16/02/2022,15:59:40,17.8,WBGT Temp C,54.3,%RH C      ,22.5,TA Temp C  ,21.2,TG Temp C  ,16.4,WET Temp C ,12.8,DP Temp C  
870,16/02/2022,15:59:41,17.8,WBGT Temp C,54.3,%RH C      ,22.4,TA Temp C  ,21.2,TG Temp C  ,16.4,WET Temp C ,12.7,DP Temp C  
871,16/02/2022,15:59:42,17.7,WBGT Temp C,54.3,%RH C      ,22.4,TA Temp C  ,21.2,TG Temp C  ,16.3,WET Temp C ,12.7,DP Temp C  
872,16/02/2022,15:59:43,17.7,WBGT Temp C,54.2,%RH C      ,22.4,TA Temp C  ,21.2,TG Temp C  ,16.3,WET Temp C ,12.6,DP Temp C  
873,16/02/2022,15:59:44,17.7,WBGT Temp C,54.2,%RH C      ,22.4,TA Temp C  ,21.2,TG Temp C  ,16.3,WET Temp C ,12.6,DP Temp C  
874,16/02/2022,15:59:45,17.7,WBGT Temp C,54.1,%RH C      ,22.3,TA Temp C  ,21.2,TG Temp C  ,16.3,WET Temp C ,12.5,DP Temp C  
875,16/02/2022,15:59:46,17.7,WBGT Temp C,54.1,%RH C      ,22.3,TA Temp C  ,21.2,TG Temp C  ,16.2,WET Temp C ,12.5,DP Temp C  
876,16/02/2022,15:59:47,17.7,WBGT Temp C,54.1,%RH C      ,22.3,TA Temp C  ,21.2,TG Temp C  ,16.2,WET Temp C ,12.5,DP Temp C  
877,16/02/2022,15:59:48,17.7,WBGT Temp C,54.1,%RH C      ,22.3,TA Temp C  ,21.2,TG Temp C  ,16.2,WET Temp C ,12.5,DP Temp C  
878,16/02/2022,15:59:49,17.7,WBGT Temp C,54,%RH C      ,22.3,TA Temp C  ,21.2,TG Temp C  ,16.2,WET Temp C ,12.5,DP Temp C  
879,16/02/2022,15:59:50,17.7,WBGT Temp C,53.9,%RH C      ,22.3,TA Temp C  ,21.2,TG Temp C  ,16.2,WET Temp C ,12.5,DP Temp C  
880,16/02/2022,15:59:51,17.6,WBGT Temp C,53.9,%RH C      ,22.3,TA Temp C  ,21.2,TG Temp C  ,16.1,WET Temp C ,12.5,DP Temp C  
881,16/02/2022,15:59:52,17.6,WBGT Temp C,53.9,%RH C      ,22.3,TA Temp C  ,21.2,TG Temp C  ,16.1,WET Temp C ,12.5,DP Temp C  
882,16/02/2022,15:59:53,17.6,WBGT Temp C,53.9,%RH C      ,22.3,TA Temp C  ,21.2,TG Temp C  ,16.1,WET Temp C ,12.5,DP Temp C  
883,16/02/2022,15:59:54,17.6,WBGT Temp C,53.9,%RH C      ,22.3,TA Temp C  ,21.2,TG Temp C  ,16.1,WET Temp C ,12.5,DP Temp C  
884,16/02/2022,15:59:55,17.6,WBGT Temp C,53.9,%RH C      ,22.3,TA Temp C  ,21.2,TG Temp C  ,16.1,WET Temp C ,12.5,DP Temp C  
885,16/02/2022,15:59:56,17.6,WBGT Temp C,53.9,%RH C      ,22.3,TA Temp C  ,21.2,TG Temp C  ,16.1,WET Temp C ,12.5,DP Temp C  
886,16/02/2022,15:59:57,17.6,WBGT Temp C,53.9,%RH C      ,22.3,TA Temp C  ,21.2,TG Temp C  ,16.1,WET Temp C ,12.5,DP Temp C  
887,16/02/2022,15:59:58,17.6,WBGT Temp C,53.9,%RH C      ,22.3,TA Temp C  ,21.2,TG Temp C  ,16.1,WET Temp C ,12.5,DP Temp C  
888,16/02/2022,15:59:59,17.6,WBGT Temp C,54,%RH C      ,22.3,TA Temp C  ,21.2,TG Temp C  ,16.1,WET Temp C ,12.5,DP Temp C  
889,16/02/2022,16:00:00,17.7,WBGT Temp C,54,%RH C      ,22.3,TA Temp C  ,21.2,TG Temp C  ,16.2,WET Temp C ,12.5,DP Temp C  
890,16/02/2022,16:00:01,17.7,WBGT Temp C,54.1,%RH C      ,22.3,TA Temp C  ,21.2,TG Temp C  ,16.2,WET Temp C ,12.5,DP Temp C  
891,16/02/2022,16:00:02,17.7,WBGT Temp C,54.1,%RH C      ,22.3,TA Temp C  ,21.2,TG Temp C  ,16.2,WET Temp C ,12.5,DP Temp C  
892,16/02/2022,16:00:03,17.7,WBGT Temp C,54.1,%RH C      ,22.3,TA Temp C  ,21.2,TG Temp C  ,16.2,WET Temp C ,12.5,DP Temp C  
893,16/02/2022,16:00:04,17.7,WBGT Temp C,54.1,%RH C      ,22.3,TA Temp C  ,21.2,TG Temp C  ,16.2,WET Temp C ,12.5,DP Temp C  
894,16/02/2022,16:00:05,17.7,WBGT Temp C,54.1,%RH C      ,22.2,TA Temp C  ,21.2,TG Temp C  ,16.1,WET Temp C ,12.4,DP Temp C  
895,16/02/2022,16:00:06,17.6,WBGT Temp C,54.1,%RH C      ,22.3,TA Temp C  ,21.2,TG Temp C  ,16.1,WET Temp C ,12.4,DP Temp C  
896,16/02/2022,16:00:07,17.6,WBGT Temp C,54.2,%RH C      ,22.3,TA Temp C  ,21.2,TG Temp C  ,16.2,WET Temp C ,12.6,DP Temp C  
897,16/02/2022,16:00:08,17.7,WBGT Temp C,54.3,%RH C      ,22.2,TA Temp C  ,21.2,TG Temp C  ,16.2,WET Temp C ,12.5,DP Temp C  
898,16/02/2022,16:00:09,17.6,WBGT Temp C,54.3,%RH C      ,22.2,TA Temp C  ,21.2,TG Temp C  ,16.1,WET Temp C ,12.5,DP Temp C  
899,16/02/2022,16:00:10,17.6,WBGT Temp C,54.5,%RH C      ,22.2,TA Temp C  ,21.2,TG Temp C  ,16.1,WET Temp C ,12.5,DP Temp C  
900,16/02/2022,16:00:11,17.6,WBGT Temp C,54.5,%RH C      ,22.2,TA Temp C  ,21.2,TG Temp C  ,16.1,WET Temp C ,12.5,DP Temp C  
901,16/02/2022,16:00:12,17.6,WBGT Temp C,54.4,%RH C      ,22.2,TA Temp C  ,21.2,TG Temp C  ,16.1,WET Temp C ,12.5,DP Temp C  
902,16/02/2022,16:00:13,17.6,WBGT Temp C,54.4,%RH C      ,22.2,TA Temp C  ,21.2,TG Temp C  ,16.1,WET Temp C ,12.5,DP Temp C  
903,16/02/2022,16:00:14,17.6,WBGT Temp C,54.4,%RH C      ,22.2,TA Temp C  ,21.2,TG Temp C  ,16.1,WET Temp C ,12.5,DP Temp C  
904,16/02/2022,16:00:15,17.6,WBGT Temp C,54.5,%RH C      ,22.1,TA Temp C  ,21.2,TG Temp C  ,16.1,WET Temp C ,12.5,DP Temp C  
905,16/02/2022,16:00:16,17.6,WBGT Temp C,54.5,%RH C      ,22.1,TA Temp C  ,21.2,TG Temp C  ,16.1,WET Temp C ,12.5,DP Temp C  
906,16/02/2022,16:00:17,17.6,WBGT Temp C,54.5,%RH C      ,22.1,TA Temp C  ,21.2,TG Temp C  ,16.1,WET Temp C ,12.5,DP Temp C  
907,16/02/2022,16:00:18,17.6,WBGT Temp C,54.5,%RH C      ,22.1,TA Temp C  ,21.2,TG Temp C  ,16.1,WET Temp C ,12.5,DP Temp C  
908,16/02/2022,16:00:19,17.6,WBGT Temp C,54.7,%RH C      ,22.1,TA Temp C  ,21.2,TG Temp C  ,16.1,WET Temp C ,12.5,DP Temp C  
1129,16/02/2022,16:04:00,16.5,WBGT Temp C,55.8,%RH C      ,21.3,TA Temp C  ,18.9,TG Temp C  ,15.6,WET Temp C ,12.1,DP Temp C  
1130,16/02/2022,16:04:01,16.5,WBGT Temp C,55.8,%RH C      ,21.3,TA Temp C  ,18.9,TG Temp C  ,15.6,WET Temp C ,12.1,DP Temp C  
1131,16/02/2022,16:04:02,16.5,WBGT Temp C,55.8,%RH C      ,21.3,TA Temp C  ,18.9,TG Temp C  ,15.6,WET Temp C ,12.1,DP Temp C  
1132,16/02/2022,16:04:03,16.5,WBGT Temp C,55.8,%RH C      ,21.2,TA Temp C  ,18.9,TG Temp C  ,15.6,WET Temp C ,12,DP Temp C  
1133,16/02/2022,16:04:04,16.5,WBGT Temp C,55.8,%RH C      ,21.2,TA Temp C  ,18.9,TG Temp C  ,15.5,WET Temp C ,12,DP Temp C  
1134,16/02/2022,16:04:05,16.5,WBGT Temp C,55.8,%RH C      ,21.2,TA Temp C  ,18.9,TG Temp C  ,15.5,WET Temp C ,12,DP Temp C  
1135,16/02/2022,16:04:06,16.5,WBGT Temp C,55.8,%RH C      ,21.2,TA Temp C  ,18.8,TG Temp C  ,15.5,WET Temp C ,12,DP Temp C  
1136,16/02/2022,16:04:07,16.4,WBGT Temp C,55.8,%RH C      ,21.2,TA Temp C  ,18.8,TG Temp C  ,15.5,WET Temp C ,12,DP Temp C  
1137,16/02/2022,16:04:08,16.4,WBGT Temp C,55.7,%RH C      ,21.2,TA Temp C  ,18.8,TG Temp C  ,15.5,WET Temp C ,12,DP Temp C  
1138,16/02/2022,16:04:09,16.4,WBGT Temp C,55.7,%RH C      ,21.2,TA Temp C  ,18.8,TG Temp C  ,15.5,WET Temp C ,11.9,DP Temp C  
1139,16/02/2022,16:04:10,16.4,WBGT Temp C,55.8,%RH C      ,21.3,TA Temp C  ,18.8,TG Temp C  ,15.5,WET Temp C ,12.1,DP Temp C  
1140,16/02/2022,16:04:11,16.5,WBGT Temp C,55.8,%RH C      ,21.3,TA Temp C  ,18.8,TG Temp C  ,15.6,WET Temp C ,12.1,DP Temp C  
1141,16/02/2022,16:04:12,16.5,WBGT Temp C,55.8,%RH C      ,21.3,TA Temp C  ,18.8,TG Temp C  ,15.6,WET Temp C ,12.1,DP Temp C  
1142,16/02/2022,16:04:13,16.5,WBGT Temp C,55.8,%RH C      ,21.2,TA Temp C  ,18.7,TG Temp C  ,15.6,WET Temp C ,12.1,DP Temp C  
1143,16/02/2022,16:04:14,16.5,WBGT Temp C,55.7,%RH C      ,21.2,TA Temp C  ,18.7,TG Temp C  ,15.5,WET Temp C ,11.9,DP Temp C  
1144,16/02/2022,16:04:15,16.4,WBGT Temp C,55.7,%RH C      ,21.3,TA Temp C  ,18.7,TG Temp C  ,15.5,WET Temp C ,12,DP Temp C  
1145,16/02/2022,16:04:16,16.5,WBGT Temp C,55.7,%RH C      ,21.3,TA Temp C  ,18.7,TG Temp C  ,15.6,WET Temp C ,12,DP Temp C  
1146,16/02/2022,16:04:17,16.5,WBGT Temp C,55.7,%RH C      ,21.2,TA Temp C  ,18.7,TG Temp C  ,15.6,WET Temp C ,12,DP Temp C  
1147,16/02/2022,16:04:18,16.4,WBGT Temp C,55.7,%RH C      ,21.2,TA Temp C  ,18.7,TG Temp C  ,15.5,WET Temp C ,11.9,DP Temp C  
1148,16/02/2022,16:04:19,16.4,WBGT Temp C,55.6,%RH C      ,21.2,TA Temp C  ,18.6,TG Temp C  ,15.5,WET Temp C ,11.9,DP Temp C  
1149,16/02/2022,16:04:20,16.3,WBGT Temp C,55.6,%RH C      ,21.2,TA Temp C  ,18.6,TG Temp C  ,15.5,WET Temp C ,11.9,DP Temp C  
1150,16/02/2022,16:04:21,16.3,WBGT Temp C,55.6,%RH C      ,21.3,TA Temp C  ,18.5,TG Temp C  ,15.5,WET Temp C ,12,DP Temp C  
1151,16/02/2022,16:04:22,16.4,WBGT Temp C,55.6,%RH C      ,21.3,TA Temp C  ,18.5,TG Temp C  ,15.5,WET Temp C ,12,DP Temp C  
1152,16/02/2022,16:04:23,16.4,WBGT Temp C,55.5,%RH C      ,21.3,TA Temp C  ,18.5,TG Temp C  ,15.5,WET Temp C ,12,DP Temp C  
1153,16/02/2022,16:04:24,16.4,WBGT Temp C,55.5,%RH C      ,21.3,TA Temp C  ,18.5,TG Temp C  ,15.5,WET Temp C ,12,DP Temp C  
1154,16/02/2022,16:04:25,16.4,WBGT Temp C,55.5,%RH C      ,21.3,TA Temp C  ,18.5,TG Temp C  ,15.5,WET Temp C ,12,DP Temp C  
1155,16/02/2022,16:04:26,16.4,WBGT Temp C,55.5,%RH C      ,21.3,TA Temp C  ,18.5,TG Temp C  ,15.5,WET Temp C ,12,DP Temp C  
1156,16/02/2022,16:04:27,16.4,WBGT Temp C,55.5,%RH C      ,21.3,TA Temp C  ,18.5,TG Temp C  ,15.5,WET Temp C ,12,DP Temp C  
1157,16/02/2022,16:04:28,16.4,WBGT Temp C,55.5,%RH C      ,21.3,TA Temp C  ,18.5,TG Temp C  ,15.5,WET Temp C ,12,DP Temp C  
1158,16/02/2022,16:04:29,16.4,WBGT Temp C,55.5,%RH C      ,21.3,TA Temp C  ,18.5,TG Temp C  ,15.5,WET Temp C ,12,DP Temp C  
1159,16/02/2022,16:04:30,16.4,WBGT Temp C,55.5,%RH C      ,21.3,TA Temp C  ,18.5,TG Temp C  ,15.5,WET Temp C ,12,DP Temp C  
1160,16/02/2022,16:04:31,16.4,WBGT Temp C,55.5,%RH C      ,21.3,TA Temp C  ,18.4,TG Temp C  ,15.5,WET Temp C ,12,DP Temp C  
1161,16/02/2022,16:04:32,16.4,WBGT Temp C,55.4,%RH C      ,21.3,TA Temp C  ,18.4,TG Temp C  ,15.5,WET Temp C ,12,DP Temp C  
1162,16/02/2022,16:04:33,16.3,WBGT Temp C,55.4,%RH C      ,21.3,TA Temp C  ,18.4,TG Temp C  ,15.5,WET Temp C ,12,DP Temp C  
1163,16/02/2022,16:04:34,16.3,WBGT Temp C,55.4,%RH C      ,21.3,TA Temp C  ,18.4,TG Temp C  ,15.5,WET Temp C ,12,DP Temp C  
1164,16/02/2022,16:04:35,16.3,WBGT Temp C,55.4,%RH C      ,21.3,TA Temp C  ,18.4,TG Temp C  ,15.5,WET Temp C ,12,DP Temp C  
1165,16/02/2022,16:04:36,16.3,WBGT Temp C,55.4,%RH C      ,21.3,TA Temp C  ,18.4,TG Temp C  ,15.5,WET Temp C ,12,DP Temp C  
1166,16/02/2022,16:04:37,16.3,WBGT Temp C,55.4,%RH C      ,21.3,TA Temp C  ,18.4,TG Temp C  ,15.5,WET Temp C ,12,DP Temp C  
1167,16/02/2022,16:04:38,16.3,WBGT Temp C,55.4,%RH C      ,21.3,TA Temp C  ,18.3,TG Temp C  ,15.5,WET Temp C ,12,DP Temp C  
1168,16/02/2022,16:04:39,16.3,WBGT Temp C,55.5,%RH C      ,21.3,TA Temp C  ,18.3,TG Temp C  ,15.5,WET Temp C ,12,DP Temp C  
1169,16/02/2022,16:04:40,16.3,WBGT Temp C,55.5,%RH C      ,21.3,TA Temp C  ,18.3,TG Temp C  ,15.5,WET Temp C ,12,DP Temp C  
1170,16/02/2022,16:04:41,16.3,WBGT Temp C,55.5,%RH C      ,21.3,TA Temp C  ,18.3,TG Temp C  ,15.5,WET Temp C ,12,DP Temp C  
1171,16/02/2022,16:04:42,16.3,WBGT Temp C,55.5,%RH C      ,21.3,TA Temp C  ,18.3,TG Temp C  ,15.5,WET Temp C ,12,DP Temp C  
1172,16/02/2022,16:04:43,16.3,WBGT Temp C,55.5,%RH C      ,21.3,TA Temp C  ,18.3,TG Temp C  ,15.5,WET Temp C ,12,DP Temp C  
1173,16/02/2022,16:04:44,16.3,WBGT Temp C,55.7,%RH C      ,21.3,TA Temp C  ,18.3,TG Temp C  ,15.5,WET Temp C ,12,DP Temp C  
1174,16/02/2022,16:04:45,16.4,WBGT Temp C,55.7,%RH C      ,21.3,TA Temp C  ,18.3,TG Temp C  ,15.6,WET Temp C ,12,DP Temp C  
1175,16/02/2022,16:04:46,16.4,WBGT Temp C,55.8,%RH C      ,21.3,TA Temp C  ,18.3,TG Temp C  ,15.6,WET Temp C ,12.1,DP Temp C  
1176,16/02/2022,16:04:47,16.4,WBGT Temp C,55.8,%RH C      ,21.3,TA Temp C  ,18.3,TG Temp C  ,15.6,WET Temp C ,12.1,DP Temp C  
1177,16/02/2022,16:04:48,16.4,WBGT Temp C,55.8,%RH C      ,21.3,TA Temp C  ,18.3,TG Temp C  ,15.6,WET Temp C ,12.1,DP Temp C  
1178,16/02/2022,16:04:49,16.4,WBGT Temp C,55.8,%RH C      ,21.3,TA Temp C  ,18.2,TG Temp C  ,15.6,WET Temp C ,12.1,DP Temp C  
1179,16/02/2022,16:04:50,16.4,WBGT Temp C,55.8,%RH C      ,21.3,TA Temp C  ,18.2,TG Temp C  ,15.6,WET Temp C ,12.1,DP Temp C  
1180,16/02/2022,16:04:51,16.3,WBGT Temp C,55.8,%RH C      ,21.3,TA Temp C  ,18.2,TG Temp C  ,15.6,WET Temp C ,12.1,DP Temp C  
1181,16/02/2022,16:04:52,16.3,WBGT Temp C,55.8,%RH C      ,21.3,TA Temp C  ,18.2,TG Temp C  ,15.6,WET Temp C ,12.1,DP Temp C  
1182,16/02/2022,16:04:53,16.3,WBGT Temp C,55.7,%RH C      ,21.3,TA Temp C  ,18.2,TG Temp C  ,15.6,WET Temp C ,12.1,DP Temp C  
1183,16/02/2022,16:04:54,16.3,WBGT Temp C,55.7,%RH C      ,21.3,TA Temp C  ,18.2,TG Temp C  ,15.6,WET Temp C ,12,DP Temp C  
1184,16/02/2022,16:04:55,16.3,WBGT Temp C,55.8,%RH C      ,21.3,TA Temp C  ,18.2,TG Temp C  ,15.6,WET Temp C ,12.1,DP Temp C  
1185,16/02/2022,16:04:56,16.3,WBGT Temp C,55.8,%RH C      ,21.3,TA Temp C  ,18.2,TG Temp C  ,15.6,WET Temp C ,12.1,DP Temp C  
1186,16/02/2022,16:04:57,16.3,WBGT Temp C,55.9,%RH C      ,21.3,TA Temp C  ,18.2,TG Temp C  ,15.6,WET Temp C ,12.1,DP Temp C  
1187,16/02/2022,16:04:58,16.3,WBGT Temp C,55.9,%RH C      ,21.3,TA Temp C  ,18.2,TG Temp C  ,15.6,WET Temp C ,12.1,DP Temp C  
1188,16/02/2022,16:04:59,16.3,WBGT Temp C,56.1,%RH C      ,21.3,TA Temp C  ,18.2,TG Temp C  ,15.6,WET Temp C ,12.1,DP Temp C  
1189,16/02/2022,16:05:00,16.3,WBGT Temp C,56.4,%RH C      ,21.3,TA Temp C  ,18.2,TG Temp C  ,15.6,WET Temp C ,12.2,DP Temp C  
1190,16/02/2022,16:05:01,16.4,WBGT Temp C,56.4,%RH C      ,21.3,TA Temp C  ,18.2,TG Temp C  ,15.7,WET Temp C ,12.2,DP Temp C  
1191,16/02/2022,16:05:02,16.4,WBGT Temp C,56.4,%RH C      ,21.3,TA Temp C  ,18.2,TG Temp C  ,15.7,WET Temp C ,12.2,DP Temp C  
1192,16/02/2022,16:05:03,16.4,WBGT Temp C,56.4,%RH C      ,21.3,TA Temp C  ,18.2,TG Temp C  ,15.7,WET Temp C ,12.2,DP Temp C  
1193,16/02/2022,16:05:04,16.4,WBGT Temp C,56.4,%RH C      ,21.3,TA Temp C  ,18.2,TG Temp C  ,15.7,WET Temp C ,12.2,DP Temp C  
1194,16/02/2022,16:05:05,16.4,WBGT Temp C,56.4,%RH C      ,21.3,TA Temp C  ,18.2,TG Temp C  ,15.7,WET Temp C ,12.2,DP Temp C  
1195,16/02/2022,16:05:06,16.4,WBGT Temp C,56.4,%RH C      ,21.3,TA Temp C  ,18.2,TG Temp C  ,15.7,WET Temp C ,12.2,DP Temp C  
1196,16/02/2022,16:05:07,16.4,WBGT Temp C,56.4,%RH C      ,21.3,TA Temp C  ,18.2,TG Temp C  ,15.7,WET Temp C ,12.2,DP Temp C  
1197,16/02/2022,16:05:08,16.4,WBGT Temp C,56.3,%RH C      ,21.3,TA Temp C  ,18.2,TG Temp C  ,15.6,WET Temp C ,12.2,DP Temp C  
1198,16/02/2022,16:05:09,16.3,WBGT Temp C,56.2,%RH C      ,21.3,TA Temp C  ,18.2,TG Temp C  ,15.6,WET Temp C ,12.2,DP Temp C  
1199,16/02/2022,16:05:10,16.3,WBGT Temp C,56.2,%RH C      ,21.3,TA Temp C  ,18.2,TG Temp C  ,15.6,WET Temp C ,12.2,DP Temp C  
1200,16/02/2022,16:05:11,16.3,WBGT Temp C,56.1,%RH C      ,21.3,TA Temp C  ,18.2,TG Temp C  ,15.6,WET Temp C ,12.2,DP Temp C  
1201,16/02/2022,16:05:12,16.3,WBGT Temp C,56.1,%RH C      ,21.3,TA Temp C  ,18.2,TG Temp C  ,15.6,WET Temp C ,12.1,DP Temp C  
1202,16/02/2022,16:05:13,16.3,WBGT Temp C,56.1,%RH C      ,21.3,TA Temp C  ,18.2,TG Temp C  ,15.6,WET Temp C ,12.1,DP Temp C  
1203,16/02/2022,16:05:14,16.3,WBGT Temp C,56.1,%RH C      ,21.3,TA Temp C  ,18.2,TG Temp C  ,15.6,WET Temp C ,12.1,DP Temp C  
1204,16/02/2022,16:05:15,16.3,WBGT Temp C,56,%RH C      ,21.3,TA Temp C  ,18.2,TG Temp C  ,15.6,WET Temp C ,12.1,DP Temp C  
1205,16/02/2022,16:05:16,16.3,WBGT Temp C,56,%RH C      ,21.3,TA Temp C  ,18.2,TG Temp C  ,15.6,WET Temp C ,12.1,DP Temp C  
1206,16/02/2022,16:05:17,16.3,WBGT Temp C,56,%RH C      ,21.3,TA Temp C  ,18.2,TG Temp C  ,15.6,WET Temp C ,12.1,DP Temp C  
1207,16/02/2022,16:05:18,16.3,WBGT Temp C,55.9,%RH C      ,21.3,TA Temp C  ,18.2,TG Temp C  ,15.6,WET Temp C ,12.1,DP Temp C  
1208,16/02/2022,16:05:19,16.3,WBGT Temp C,55.9,%RH C      ,21.3,TA Temp C  ,18.2,TG Temp C  ,15.6,WET Temp C ,12.1,DP Temp C  
1209,16/02/2022,16:05:20,16.3,WBGT Temp C,55.8,%RH C      ,21.3,TA Temp C  ,18.2,TG Temp C  ,15.6,WET Temp C ,12.1,DP Temp C  
1210,16/02/2022,16:05:21,16.3,WBGT Temp C,55.8,%RH C      ,21.3,TA Temp C  ,18.2,TG Temp C  ,15.6,WET Temp C ,12.1,DP Temp C  
1211,16/02/2022,16:05:22,16.3,WBGT Temp C,55.8,%RH C      ,21.4,TA Temp C  ,18.2,TG Temp C  ,15.7,WET Temp C ,12.2,DP Temp C  
1212,16/02/2022,16:05:23,16.4,WBGT Temp C,55.8,%RH C      ,21.4,TA Temp C  ,18.2,TG Temp C  ,15.7,WET Temp C ,12.2,DP Temp C  
1213,16/02/2022,16:05:24,16.4,WBGT Temp C,56.3,%RH C      ,21.4,TA Temp C  ,18.2,TG Temp C  ,15.7,WET Temp C ,12.3,DP Temp C  
1214,16/02/2022,16:05:25,16.4,WBGT Temp C,56.5,%RH C      ,21.4,TA Temp C  ,18.2,TG Temp C  ,15.7,WET Temp C ,12.4,DP Temp C  
1215,16/02/2022,16:05:26,16.5,WBGT Temp C,56.5,%RH C      ,21.4,TA Temp C  ,18.2,TG Temp C  ,15.8,WET Temp C ,12.4,DP Temp C  
1216,16/02/2022,16:05:27,16.5,WBGT Temp C,56.3,%RH C      ,21.4,TA Temp C  ,18.2,TG Temp C  ,15.8,WET Temp C ,12.4,DP Temp C  
1217,16/02/2022,16:05:28,16.4,WBGT Temp C,56.3,%RH C      ,21.4,TA Temp C  ,18.2,TG Temp C  ,15.7,WET Temp C ,12.3,DP Temp C  
1218,16/02/2022,16:05:29,16.4,WBGT Temp C,56.1,%RH C      ,21.4,TA Temp C  ,18.2,TG Temp C  ,15.7,WET Temp C ,12.2,DP Temp C  
1219,16/02/2022,16:05:30,16.4,WBGT Temp C,56.1,%RH C      ,21.4,TA Temp C  ,18.2,TG Temp C  ,15.7,WET Temp C ,12.2,DP Temp C  
1220,16/02/2022,16:05:31,16.4,WBGT Temp C,56,%RH C      ,21.4,TA Temp C  ,18.3,TG Temp C  ,15.7,WET Temp C ,12.2,DP Temp C  
1221,16/02/2022,16:05:32,16.4,WBGT Temp C,56,%RH C      ,21.4,TA Temp C  ,18.3,TG Temp C  ,15.7,WET Temp C ,12.2,DP Temp C  
1222,16/02/2022,16:05:33,16.4,WBGT Temp C,56.1,%RH C      ,21.4,TA Temp C  ,18.3,TG Temp C  ,15.7,WET Temp C ,12.2,DP Temp C  
1223,16/02/2022,16:05:34,16.4,WBGT Temp C,56.4,%RH C      ,21.4,TA Temp C  ,18.3,TG Temp C  ,15.7,WET Temp C ,12.3,DP Temp C  
1224,16/02/2022,16:05:35,16.4,WBGT Temp C,56.4,%RH C      ,21.4,TA Temp C  ,18.3,TG Temp C  ,15.7,WET Temp C ,12.3,DP Temp C  
1225,16/02/2022,16:05:36,16.4,WBGT Temp C,56.5,%RH C      ,21.4,TA Temp C  ,18.3,TG Temp C  ,15.7,WET Temp C ,12.3,DP Temp C  
1226,16/02/2022,16:05:37,16.5,WBGT Temp C,56.5,%RH C      ,21.4,TA Temp C  ,18.3,TG Temp C  ,15.8,WET Temp C ,12.4,DP Temp C  
1227,16/02/2022,16:05:38,16.5,WBGT Temp C,56.5,%RH C      ,21.4,TA Temp C  ,18.3,TG Temp C  ,15.8,WET Temp C ,12.4,DP Temp C  
1228,16/02/2022,16:05:39,16.5,WBGT Temp C,56.5,%RH C      ,21.4,TA Temp C  ,18.3,TG Temp C  ,15.8,WET Temp C ,12.4,DP Temp C  
1229,16/02/2022,16:05:40,16.5,WBGT Temp C,56.4,%RH C      ,21.4,TA Temp C  ,18.3,TG Temp C  ,15.7,WET Temp C ,12.3,DP Temp C  
1230,16/02/2022,16:05:41,16.4,WBGT Temp C,56.4,%RH C      ,21.4,TA Temp C  ,18.3,TG Temp C  ,15.7,WET Temp C ,12.3,DP Temp C  
1231,16/02/2022,16:05:42,16.4,WBGT Temp C,56.5,%RH C      ,21.4,TA Temp C  ,18.3,TG Temp C  ,15.8,WET Temp C ,12.4,DP Temp C  
1232,16/02/2022,16:05:43,16.5,WBGT Temp C,56.6,%RH C      ,21.4,TA Temp C  ,18.3,TG Temp C  ,15.8,WET Temp C ,12.4,DP Temp C  
1233,16/02/2022,16:05:44,16.5,WBGT Temp C,56.6,%RH C      ,21.4,TA Temp C  ,18.3,TG Temp C  ,15.8,WET Temp C ,12.4,DP Temp C  
1234,16/02/2022,16:05:45,16.5,WBGT Temp C,56.4,%RH C      ,21.4,TA Temp C  ,18.4,TG Temp C  ,15.8,WET Temp C ,12.4,DP Temp C  
1235,16/02/2022,16:05:46,16.5,WBGT Temp C,56.4,%RH C      ,21.4,TA Temp C  ,18.4,TG Temp C  ,15.7,WET Temp C ,12.3,DP Temp C  
1236,16/02/2022,16:05:47,16.5,WBGT Temp C,56.5,%RH C      ,21.4,TA Temp C  ,18.4,TG Temp C  ,15.7,WET Temp C ,12.4,DP Temp C  
1237,16/02/2022,16:05:48,16.5,WBGT Temp C,56.5,%RH C      ,21.4,TA Temp C  ,18.4,TG Temp C  ,15.8,WET Temp C ,12.4,DP Temp C  
1238,16/02/2022,16:05:49,16.5,WBGT Temp C,56.4,%RH C      ,21.4,TA Temp C  ,18.4,TG Temp C  ,15.7,WET Temp C ,12.3,DP Temp C  
1239,16/02/2022,16:05:50,16.5,WBGT Temp C,56.4,%RH C      ,21.4,TA Temp C  ,18.4,TG Temp C  ,15.7,WET Temp C ,12.3,DP Temp C  
1240,16/02/2022,16:05:51,16.5,WBGT Temp C,56.3,%RH C      ,21.4,TA Temp C  ,18.4,TG Temp C  ,15.7,WET Temp C ,12.3,DP Temp C  
1241,16/02/2022,16:05:52,16.5,WBGT Temp C,56.4,%RH C      ,21.4,TA Temp C  ,18.4,TG Temp C  ,15.7,WET Temp C ,12.3,DP Temp C  
1242,16/02/2022,16:05:53,16.5,WBGT Temp C,56.4,%RH C      ,21.4,TA Temp C  ,18.4,TG Temp C  ,15.7,WET Temp C ,12.3,DP Temp C  
1243,16/02/2022,16:05:54,16.5,WBGT Temp C,56.4,%RH C      ,21.4,TA Temp C  ,18.4,TG Temp C  ,15.7,WET Temp C ,12.3,DP Temp C  
1244,16/02/2022,16:05:55,16.5,WBGT Temp C,56.4,%RH C      ,21.4,TA Temp C  ,18.4,TG Temp C  ,15.7,WET Temp C ,12.3,DP Temp C  
1245,16/02/2022,16:05:56,16.5,WBGT Temp C,56.3,%RH C      ,21.4,TA Temp C  ,18.5,TG Temp C  ,15.7,WET Temp C ,12.3,DP Temp C  
1246,16/02/2022,16:05:57,16.5,WBGT Temp C,56.3,%RH C      ,21.4,TA Temp C  ,18.5,TG Temp C  ,15.7,WET Temp C ,12.3,DP Temp C  
1247,16/02/2022,16:05:58,16.5,WBGT Temp C,56.3,%RH C      ,21.4,TA Temp C  ,18.5,TG Temp C  ,15.7,WET Temp C ,12.3,DP Temp C  
1248,16/02/2022,16:05:59,16.5,WBGT Temp C,56.3,%RH C      ,21.4,TA Temp C  ,18.5,TG Temp C  ,15.7,WET Temp C ,12.3,DP Temp C  
1249,16/02/2022,16:06:00,16.5,WBGT Temp C,56.5,%RH C      ,21.4,TA Temp C  ,18.5,TG Temp C  ,15.8,WET Temp C ,12.4,DP Temp C  
1250,16/02/2022,16:06:01,16.6,WBGT Temp C,56.5,%RH C      ,21.4,TA Temp C  ,18.5,TG Temp C  ,15.8,WET Temp C ,12.4,DP Temp C  
1251,16/02/2022,16:06:02,16.6,WBGT Temp C,56.5,%RH C      ,21.4,TA Temp C  ,18.5,TG Temp C  ,15.8,WET Temp C ,12.4,DP Temp C  
1252,16/02/2022,16:06:03,16.6,WBGT Temp C,56.4,%RH C      ,21.4,TA Temp C  ,18.5,TG Temp C  ,15.8,WET Temp C ,12.4,DP Temp C  
1253,16/02/2022,16:06:04,16.5,WBGT Temp C,56.4,%RH C      ,21.4,TA Temp C  ,18.5,TG Temp C  ,15.7,WET Temp C ,12.3,DP Temp C  
1254,16/02/2022,16:06:05,16.5,WBGT Temp C,56.5,%RH C      ,21.4,TA Temp C  ,18.5,TG Temp C  ,15.7,WET Temp C ,12.4,DP Temp C  
1255,16/02/2022,16:06:06,16.6,WBGT Temp C,56.5,%RH C      ,21.4,TA Temp C  ,18.5,TG Temp C  ,15.8,WET Temp C ,12.4,DP Temp C  
1256,16/02/2022,16:06:07,16.6,WBGT Temp C,56.5,%RH C      ,21.4,TA Temp C  ,18.6,TG Temp C  ,15.8,WET Temp C ,12.4,DP Temp C  
1257,16/02/2022,16:06:08,16.6,WBGT Temp C,56.5,%RH C      ,21.4,TA Temp C  ,18.6,TG Temp C  ,15.8,WET Temp C ,12.4,DP Temp C  
1258,16/02/2022,16:06:09,16.6,WBGT Temp C,56.5,%RH C      ,21.4,TA Temp C  ,18.6,TG Temp C  ,15.8,WET Temp C ,12.4,DP Temp C  
1259,16/02/2022,16:06:10,16.6,WBGT Temp C,56.4,%RH C      ,21.4,TA Temp C  ,18.6,TG Temp C  ,15.8,WET Temp C ,12.4,DP Temp C  
1260,16/02/2022,16:06:11,16.5,WBGT Temp C,56.4,%RH C      ,21.4,TA Temp C  ,18.6,TG Temp C  ,15.7,WET Temp C ,12.3,DP Temp C  
1261,16/02/2022,16:06:12,16.5,WBGT Temp C,56.4,%RH C      ,21.4,TA Temp C  ,18.6,TG Temp C  ,15.7,WET Temp C ,12.3,DP Temp C  
1262,16/02/2022,16:06:13,16.5,WBGT Temp C,56.4,%RH C      ,21.4,TA Temp C  ,18.6,TG Temp C  ,15.7,WET Temp C ,12.3,DP Temp C  
1263,16/02/2022,16:06:14,16.5,WBGT Temp C,56.3,%RH C      ,21.5,TA Temp C  ,18.6,TG Temp C  ,15.8,WET Temp C ,12.4,DP Temp C  
1264,16/02/2022,16:06:15,16.6,WBGT Temp C,56.3,%RH C      ,21.5,TA Temp C  ,18.6,TG Temp C  ,15.8,WET Temp C ,12.4,DP Temp C  
1265,16/02/2022,16:06:16,16.6,WBGT Temp C,56.2,%RH C      ,21.5,TA Temp C  ,18.7,TG Temp C  ,15.8,WET Temp C ,12.4,DP Temp C  
1266,16/02/2022,16:06:17,16.6,WBGT Temp C,56.2,%RH C      ,21.5,TA Temp C  ,18.7,TG Temp C  ,15.8,WET Temp C ,12.4,DP Temp C  
1267,16/02/2022,16:06:18,16.6,WBGT Temp C,56.2,%RH C      ,21.5,TA Temp C  ,18.7,TG Temp C  ,15.8,WET Temp C ,12.4,DP Temp C  
1268,16/02/2022,16:06:19,16.6,WBGT Temp C,56.2,%RH C      ,21.5,TA Temp C  ,18.7,TG Temp C  ,15.8,WET Temp C ,12.4,DP Temp C  
1269,16/02/2022,16:06:20,16.6,WBGT Temp C,56.1,%RH C      ,21.5,TA Temp C  ,18.7,TG Temp C  ,15.8,WET Temp C ,12.3,DP Temp C  
1270,16/02/2022,16:06:21,16.6,WBGT Temp C,56.2,%RH C      ,21.5,TA Temp C  ,18.7,TG Temp C  ,15.8,WET Temp C ,12.4,DP Temp C  
1271,16/02/2022,16:06:22,16.6,WBGT Temp C,56.2,%RH C      ,21.5,TA Temp C  ,18.7,TG Temp C  ,15.8,WET Temp C ,12.4,DP Temp C  
1272,16/02/2022,16:06:23,16.6,WBGT Temp C,56.5,%RH C      ,21.5,TA Temp C  ,18.7,TG Temp C  ,15.8,WET Temp C ,12.4,DP Temp C  
1273,16/02/2022,16:06:24,16.6,WBGT Temp C,56.5,%RH C      ,21.5,TA Temp C  ,18.7,TG Temp C  ,15.8,WET Temp C ,12.4,DP Temp C  
1274,16/02/2022,16:06:25,16.7,WBGT Temp C,56.6,%RH C      ,21.5,TA Temp C  ,18.7,TG Temp C  ,15.9,WET Temp C ,12.5,DP Temp C  
1275,16/02/2022,16:06:26,16.7,WBGT Temp C,56.6,%RH C      ,21.5,TA Temp C  ,18.7,TG Temp C  ,15.9,WET Temp C ,12.5,DP Temp C  
1276,16/02/2022,16:06:27,16.7,WBGT Temp C,56.7,%RH C      ,21.5,TA Temp C  ,18.7,TG Temp C  ,15.9,WET Temp C ,12.5,DP Temp C  
1277,16/02/2022,16:06:28,16.7,WBGT Temp C,56.8,%RH C      ,21.5,TA Temp C  ,18.8,TG Temp C  ,15.9,WET Temp C ,12.5,DP Temp C  
1278,16/02/2022,16:06:29,16.7,WBGT Temp C,56.8,%RH C      ,21.5,TA Temp C  ,18.8,TG Temp C  ,15.9,WET Temp C ,12.5,DP Temp C  
1279,16/02/2022,16:06:30,16.7,WBGT Temp C,56.8,%RH C      ,21.5,TA Temp C  ,18.8,TG Temp C  ,15.9,WET Temp C ,12.5,DP Temp C  
1280,16/02/2022,16:06:31,16.7,WBGT Temp C,56.8,%RH C      ,21.5,TA Temp C  ,18.8,TG Temp C  ,15.9,WET Temp C ,12.5,DP Temp C  
1281,16/02/2022,16:06:32,16.7,WBGT Temp C,56.7,%RH C      ,21.5,TA Temp C  ,18.8,TG Temp C  ,15.9,WET Temp C ,12.5,DP Temp C  
1282,16/02/2022,16:06:33,16.7,WBGT Temp C,56.6,%RH C      ,21.5,TA Temp C  ,18.8,TG Temp C  ,15.9,WET Temp C ,12.5,DP Temp C  
1283,16/02/2022,16:06:34,16.7,WBGT Temp C,56.6,%RH C      ,21.5,TA Temp C  ,18.8,TG Temp C  ,15.9,WET Temp C ,12.5,DP Temp C  
1284,16/02/2022,16:06:35,16.7,WBGT Temp C,56.4,%RH C      ,21.5,TA Temp C  ,18.8,TG Temp C  ,15.9,WET Temp C ,12.5,DP Temp C  
1285,16/02/2022,16:06:36,16.7,WBGT Temp C,56.4,%RH C      ,21.5,TA Temp C  ,18.8,TG Temp C  ,15.8,WET Temp C ,12.4,DP Temp C  
1286,16/02/2022,16:06:37,16.7,WBGT Temp C,56.2,%RH C      ,21.5,TA Temp C  ,18.8,TG Temp C  ,15.8,WET Temp C ,12.4,DP Temp C  
1287,16/02/2022,16:06:38,16.7,WBGT Temp C,56.2,%RH C      ,21.5,TA Temp C  ,18.8,TG Temp C  ,15.8,WET Temp C ,12.4,DP Temp C  
1288,16/02/2022,16:06:39,16.7,WBGT Temp C,56,%RH C      ,21.5,TA Temp C  ,18.8,TG Temp C  ,15.8,WET Temp C ,12.3,DP Temp C  
1289,16/02/2022,16:06:40,16.7,WBGT Temp C,56,%RH C      ,21.5,TA Temp C  ,18.9,TG Temp C  ,15.8,WET Temp C ,12.3,DP Temp C  
1290,16/02/2022,16:06:41,16.7,WBGT Temp C,55.9,%RH C      ,21.5,TA Temp C  ,18.9,TG Temp C  ,15.8,WET Temp C ,12.3,DP Temp C  
1291,16/02/2022,16:06:42,16.7,WBGT Temp C,55.9,%RH C      ,21.5,TA Temp C  ,18.9,TG Temp C  ,15.8,WET Temp C ,12.3,DP Temp C  
1292,16/02/2022,16:06:43,16.7,WBGT Temp C,55.9,%RH C      ,21.5,TA Temp C  ,18.9,TG Temp C  ,15.8,WET Temp C ,12.3,DP Temp C  
1293,16/02/2022,16:06:44,16.7,WBGT Temp C,55.9,%RH C      ,21.5,TA Temp C  ,18.9,TG Temp C  ,15.8,WET Temp C ,12.3,DP Temp C  
1294,16/02/2022,16:06:45,16.7,WBGT Temp C,55.9,%RH C      ,21.5,TA Temp C  ,18.9,TG Temp C  ,15.8,WET Temp C ,12.3,DP Temp C  
1295,16/02/2022,16:06:46,16.7,WBGT Temp C,56.1,%RH C      ,21.5,TA Temp C  ,18.9,TG Temp C  ,15.8,WET Temp C ,12.3,DP Temp C  
1296,16/02/2022,16:06:47,16.7,WBGT Temp C,56.1,%RH C      ,21.5,TA Temp C  ,18.9,TG Temp C  ,15.8,WET Temp C ,12.3,DP Temp C  
1297,16/02/2022,16:06:48,16.7,WBGT Temp C,56.2,%RH C      ,21.5,TA Temp C  ,18.9,TG Temp C  ,15.8,WET Temp C ,12.4,DP Temp C  
1298,16/02/2022,16:06:49,16.7,WBGT Temp C,56.2,%RH C      ,21.5,TA Temp C  ,18.9,TG Temp C  ,15.8,WET Temp C ,12.4,DP Temp C  
1299,16/02/2022,16:06:50,16.7,WBGT Temp C,56.2,%RH C      ,21.5,TA Temp C  ,18.9,TG Temp C  ,15.8,WET Temp C ,12.4,DP Temp C  
1300,16/02/2022,16:06:51,16.7,WBGT Temp C,56.2,%RH C      ,21.5,TA Temp C  ,18.9,TG Temp C  ,15.8,WET Temp C ,12.4,DP Temp C  
1301,16/02/2022,16:06:52,16.7,WBGT Temp C,56.2,%RH C      ,21.5,TA Temp C  ,18.9,TG Temp C  ,15.8,WET Temp C ,12.4,DP Temp C  
1302,16/02/2022,16:06:53,16.7,WBGT Temp C,56.1,%RH C      ,21.5,TA Temp C  ,19,TG Temp C  ,15.8,WET Temp C ,12.3,DP Temp C  
1303,16/02/2022,16:06:54,16.7,WBGT Temp C,56.1,%RH C      ,21.5,TA Temp C  ,19,TG Temp C  ,15.8,WET Temp C ,12.3,DP Temp C  
1304,16/02/2022,16:06:55,16.7,WBGT Temp C,55.9,%RH C      ,21.5,TA Temp C  ,19,TG Temp C  ,15.8,WET Temp C ,12.3,DP Temp C  
1305,16/02/2022,16:06:56,16.7,WBGT Temp C,55.9,%RH C      ,21.5,TA Temp C  ,19,TG Temp C  ,15.8,WET Temp C ,12.3,DP Temp C  
1306,16/02/2022,16:06:57,16.7,WBGT Temp C,55.9,%RH C      ,21.5,TA Temp C  ,19,TG Temp C  ,15.8,WET Temp C ,12.3,DP Temp C  
1307,16/02/2022,16:06:58,16.7,WBGT Temp C,56,%RH C      ,21.5,TA Temp C  ,19,TG Temp C  ,15.8,WET Temp C ,12.3,DP Temp C  
1308,16/02/2022,16:06:59,16.7,WBGT Temp C,56,%RH C      ,21.5,TA Temp C  ,19,TG Temp C  ,15.8,WET Temp C ,12.3,DP Temp C  
1309,16/02/2022,16:07:00,16.7,WBGT Temp C,56,%RH C      ,21.5,TA Temp C  ,19,TG Temp C  ,15.8,WET Temp C ,12.3,DP Temp C  
1310,16/02/2022,16:07:01,16.7,WBGT Temp C,56,%RH C      ,21.5,TA Temp C  ,19,TG Temp C  ,15.8,WET Temp C ,12.3,DP Temp C  
1311,16/02/2022,16:07:02,16.7,WBGT Temp C,55.9,%RH C      ,21.5,TA Temp C  ,19,TG Temp C  ,15.8,WET Temp C ,12.3,DP Temp C  
1312,16/02/2022,16:07:03,16.7,WBGT Temp C,55.9,%RH C      ,21.5,TA Temp C  ,19,TG Temp C  ,15.8,WET Temp C ,12.3,DP Temp C  
1313,16/02/2022,16:07:04,16.7,WBGT Temp C,56,%RH C      ,21.6,TA Temp C  ,19,TG Temp C  ,15.9,WET Temp C ,12.4,DP Temp C  
1314,16/02/2022,16:07:05,16.8,WBGT Temp C,56,%RH C      ,21.6,TA Temp C  ,19.1,TG Temp C  ,15.9,WET Temp C ,12.4,DP Temp C  
1315,16/02/2022,16:07:06,16.8,WBGT Temp C,56,%RH C      ,21.6,TA Temp C  ,19.1,TG Temp C  ,15.9,WET Temp C ,12.4,DP Temp C  
1316,16/02/2022,16:07:07,16.8,WBGT Temp C,55.9,%RH C      ,21.6,TA Temp C  ,19.1,TG Temp C  ,15.9,WET Temp C ,12.4,DP Temp C  
1317,16/02/2022,16:07:08,16.7,WBGT Temp C,55.9,%RH C      ,21.6,TA Temp C  ,19.1,TG Temp C  ,15.8,WET Temp C ,12.4,DP Temp C  
1318,16/02/2022,16:07:09,16.7,WBGT Temp C,55.9,%RH C      ,21.6,TA Temp C  ,19.1,TG Temp C  ,15.8,WET Temp C ,12.4,DP Temp C  
1319,16/02/2022,16:07:10,16.7,WBGT Temp C,55.8,%RH C      ,21.6,TA Temp C  ,19.1,TG Temp C  ,15.8,WET Temp C ,12.3,DP Temp C  
1320,16/02/2022,16:07:11,16.7,WBGT Temp C,55.9,%RH C      ,21.6,TA Temp C  ,19.1,TG Temp C  ,15.8,WET Temp C ,12.4,DP Temp C  
1321,16/02/2022,16:07:12,16.7,WBGT Temp C,55.9,%RH C      ,21.6,TA Temp C  ,19.1,TG Temp C  ,15.8,WET Temp C ,12.4,DP Temp C  
1322,16/02/2022,16:07:13,16.7,WBGT Temp C,56.1,%RH C      ,21.6,TA Temp C  ,19.1,TG Temp C  ,15.9,WET Temp C ,12.4,DP Temp C  
1323,16/02/2022,16:07:14,16.8,WBGT Temp C,56.1,%RH C      ,21.6,TA Temp C  ,19.1,TG Temp C  ,15.9,WET Temp C ,12.4,DP Temp C  
1324,16/02/2022,16:07:15,16.8,WBGT Temp C,56.1,%RH C      ,21.6,TA Temp C  ,19.1,TG Temp C  ,15.9,WET Temp C ,12.4,DP Temp C  
1325,16/02/2022,16:07:16,16.8,WBGT Temp C,56.1,%RH C      ,21.6,TA Temp C  ,19.1,TG Temp C  ,15.9,WET Temp C ,12.4,DP Temp C  
1326,16/02/2022,16:07:17,16.8,WBGT Temp C,56.1,%RH C      ,21.6,TA Temp C  ,19.2,TG Temp C  ,15.9,WET Temp C ,12.4,DP Temp C  
1327,16/02/2022,16:07:18,16.8,WBGT Temp C,56.1,%RH C      ,21.6,TA Temp C  ,19.2,TG Temp C  ,15.9,WET Temp C ,12.4,DP Temp C  
1328,16/02/2022,16:07:19,16.8,WBGT Temp C,56,%RH C      ,21.6,TA Temp C  ,19.2,TG Temp C  ,15.9,WET Temp C ,12.4,DP Temp C  
1329,16/02/2022,16:07:20,16.8,WBGT Temp C,56,%RH C      ,21.6,TA Temp C  ,19.2,TG Temp C  ,15.9,WET Temp C ,12.4,DP Temp C  
1330,16/02/2022,16:07:21,16.8,WBGT Temp C,56,%RH C      ,21.6,TA Temp C  ,19.2,TG Temp C  ,15.9,WET Temp C ,12.4,DP Temp C  
1331,16/02/2022,16:07:22,16.8,WBGT Temp C,56,%RH C      ,21.6,TA Temp C  ,19.2,TG Temp C  ,15.9,WET Temp C ,12.4,DP Temp C  
1332,16/02/2022,16:07:23,16.8,WBGT Temp C,56,%RH C      ,21.6,TA Temp C  ,19.2,TG Temp C  ,15.9,WET Temp C ,12.4,DP Temp C  
1333,16/02/2022,16:07:24,16.8,WBGT Temp C,55.9,%RH C      ,21.6,TA Temp C  ,19.2,TG Temp C  ,15.8,WET Temp C ,12.4,DP Temp C  
1334,16/02/2022,16:07:25,16.8,WBGT Temp C,55.8,%RH C      ,21.6,TA Temp C  ,19.2,TG Temp C  ,15.8,WET Temp C ,12.3,DP Temp C  
1335,16/02/2022,16:07:26,16.8,WBGT Temp C,55.8,%RH C      ,21.6,TA Temp C  ,19.3,TG Temp C  ,15.8,WET Temp C ,12.3,DP Temp C  
1336,16/02/2022,16:07:27,16.8,WBGT Temp C,55.8,%RH C      ,21.6,TA Temp C  ,19.3,TG Temp C  ,15.8,WET Temp C ,12.3,DP Temp C  
1337,16/02/2022,16:07:28,16.8,WBGT Temp C,55.8,%RH C      ,21.6,TA Temp C  ,19.3,TG Temp C  ,15.8,WET Temp C ,12.3,DP Temp C  
1338,16/02/2022,16:07:29,16.8,WBGT Temp C,56,%RH C      ,21.6,TA Temp C  ,19.3,TG Temp C  ,15.8,WET Temp C ,12.4,DP Temp C  
1339,16/02/2022,16:07:30,16.9,WBGT Temp C,56,%RH C      ,21.6,TA Temp C  ,19.3,TG Temp C  ,15.9,WET Temp C ,12.4,DP Temp C  
1340,16/02/2022,16:07:31,16.9,WBGT Temp C,56.1,%RH C      ,21.6,TA Temp C  ,19.3,TG Temp C  ,15.9,WET Temp C ,12.4,DP Temp C  
1341,16/02/2022,16:07:32,16.9,WBGT Temp C,56.1,%RH C      ,21.6,TA Temp C  ,19.3,TG Temp C  ,15.9,WET Temp C ,12.4,DP Temp C  
1342,16/02/2022,16:07:33,16.9,WBGT Temp C,56.2,%RH C      ,21.6,TA Temp C  ,19.3,TG Temp C  ,15.9,WET Temp C ,12.5,DP Temp C  
1343,16/02/2022,16:07:34,16.9,WBGT Temp C,56.2,%RH C      ,21.6,TA Temp C  ,19.3,TG Temp C  ,15.9,WET Temp C ,12.5,DP Temp C  
1344,16/02/2022,16:07:35,16.9,WBGT Temp C,56.2,%RH C      ,21.6,TA Temp C  ,19.3,TG Temp C  ,15.9,WET Temp C ,12.5,DP Temp C  
1345,16/02/2022,16:07:36,16.9,WBGT Temp C,56.3,%RH C      ,21.6,TA Temp C  ,19.3,TG Temp C  ,15.9,WET Temp C ,12.5,DP Temp C  
1346,16/02/2022,16:07:37,16.9,WBGT Temp C,56.3,%RH C      ,21.6,TA Temp C  ,19.3,TG Temp C  ,15.9,WET Temp C ,12.5,DP Temp C  
1347,16/02/2022,16:07:38,16.9,WBGT Temp C,56.3,%RH C      ,21.5,TA Temp C  ,19.3,TG Temp C  ,15.9,WET Temp C ,12.4,DP Temp C  
1348,16/02/2022,16:07:39,16.8,WBGT Temp C,56.3,%RH C      ,21.5,TA Temp C  ,19.3,TG Temp C  ,15.8,WET Temp C ,12.4,DP Temp C  
1349,16/02/2022,16:07:40,16.8,WBGT Temp C,56.3,%RH C      ,21.5,TA Temp C  ,19.3,TG Temp C  ,15.8,WET Temp C ,12.4,DP Temp C  
1350,16/02/2022,16:07:41,16.8,WBGT Temp C,56.3,%RH C      ,21.5,TA Temp C  ,19.3,TG Temp C  ,15.8,WET Temp C ,12.4,DP Temp C  
1351,16/02/2022,16:07:42,16.8,WBGT Temp C,56.3,%RH C      ,21.5,TA Temp C  ,19.3,TG Temp C  ,15.8,WET Temp C ,12.4,DP Temp C  
1352,16/02/2022,16:07:43,16.8,WBGT Temp C,56.3,%RH C      ,21.5,TA Temp C  ,19.3,TG Temp C  ,15.8,WET Temp C ,12.4,DP Temp C  
1353,16/02/2022,16:07:44,16.8,WBGT Temp C,56.2,%RH C      ,21.5,TA Temp C  ,19.3,TG Temp C  ,15.8,WET Temp C ,12.4,DP Temp C  
1354,16/02/2022,16:07:45,16.8,WBGT Temp C,56.1,%RH C      ,21.5,TA Temp C  ,19.3,TG Temp C  ,15.8,WET Temp C ,12.3,DP Temp C  
1355,16/02/2022,16:07:46,16.8,WBGT Temp C,56.1,%RH C      ,21.5,TA Temp C  ,19.3,TG Temp C  ,15.8,WET Temp C ,12.3,DP Temp C  
1356,16/02/2022,16:07:47,16.8,WBGT Temp C,56,%RH C      ,21.6,TA Temp C  ,19.4,TG Temp C  ,15.8,WET Temp C ,12.3,DP Temp C  
1357,16/02/2022,16:07:48,16.9,WBGT Temp C,56,%RH C      ,21.6,TA Temp C  ,19.4,TG Temp C  ,15.9,WET Temp C ,12.4,DP Temp C  
1358,16/02/2022,16:07:49,16.9,WBGT Temp C,55.9,%RH C      ,21.6,TA Temp C  ,19.4,TG Temp C  ,15.9,WET Temp C ,12.4,DP Temp C  
1359,16/02/2022,16:07:50,16.8,WBGT Temp C,55.9,%RH C      ,21.6,TA Temp C  ,19.4,TG Temp C  ,15.8,WET Temp C ,12.4,DP Temp C  
1360,16/02/2022,16:07:51,16.8,WBGT Temp C,55.8,%RH C      ,21.6,TA Temp C  ,19.4,TG Temp C  ,15.8,WET Temp C ,12.3,DP Temp C  
1361,16/02/2022,16:07:52,16.8,WBGT Temp C,55.8,%RH C      ,21.6,TA Temp C  ,19.4,TG Temp C  ,15.8,WET Temp C ,12.3,DP Temp C  
1362,16/02/2022,16:07:53,16.8,WBGT Temp C,55.7,%RH C      ,21.6,TA Temp C  ,19.4,TG Temp C  ,15.8,WET Temp C ,12.3,DP Temp C  
1363,16/02/2022,16:07:54,16.8,WBGT Temp C,55.7,%RH C      ,21.6,TA Temp C  ,19.4,TG Temp C  ,15.8,WET Temp C ,12.3,DP Temp C  
1364,16/02/2022,16:07:55,16.8,WBGT Temp C,55.7,%RH C      ,21.6,TA Temp C  ,19.4,TG Temp C  ,15.8,WET Temp C ,12.3,DP Temp C  
1365,16/02/2022,16:07:56,16.8,WBGT Temp C,55.7,%RH C      ,21.6,TA Temp C  ,19.4,TG Temp C  ,15.8,WET Temp C ,12.3,DP Temp C  
1366,16/02/2022,16:07:57,16.8,WBGT Temp C,55.7,%RH C      ,21.6,TA Temp C  ,19.4,TG Temp C  ,15.8,WET Temp C ,12.3,DP Temp C  
1367,16/02/2022,16:07:58,16.8,WBGT Temp C,55.7,%RH C      ,21.6,TA Temp C  ,19.4,TG Temp C  ,15.8,WET Temp C ,12.3,DP Temp C  
1368,16/02/2022,16:07:59,16.8,WBGT Temp C,55.7,%RH C      ,21.6,TA Temp C  ,19.4,TG Temp C  ,15.8,WET Temp C ,12.3,DP Temp C  
1369,16/02/2022,16:08:00,16.8,WBGT Temp C,55.7,%RH C      ,21.6,TA Temp C  ,19.4,TG Temp C  ,15.8,WET Temp C ,12.3,DP Temp C  
1370,16/02/2022,16:08:01,16.8,WBGT Temp C,55.7,%RH C      ,21.6,TA Temp C  ,19.4,TG Temp C  ,15.8,WET Temp C ,12.3,DP Temp C  
1371,16/02/2022,16:08:02,16.9,WBGT Temp C,55.7,%RH C      ,21.6,TA Temp C  ,19.4,TG Temp C  ,15.8,WET Temp C ,12.3,DP Temp C  
1372,16/02/2022,16:08:03,16.9,WBGT Temp C,55.6,%RH C      ,21.6,TA Temp C  ,19.4,TG Temp C  ,15.8,WET Temp C ,12.3,DP Temp C  
1373,16/02/2022,16:08:04,16.9,WBGT Temp C,55.6,%RH C      ,21.6,TA Temp C  ,19.5,TG Temp C  ,15.8,WET Temp C ,12.3,DP Temp C  
1374,16/02/2022,16:08:05,16.9,WBGT Temp C,55.5,%RH C      ,21.6,TA Temp C  ,19.5,TG Temp C  ,15.8,WET Temp C ,12.3,DP Temp C  
1375,16/02/2022,16:08:06,16.9,WBGT Temp C,55.5,%RH C      ,21.6,TA Temp C  ,19.5,TG Temp C  ,15.8,WET Temp C ,12.3,DP Temp C  
1376,16/02/2022,16:08:07,16.9,WBGT Temp C,55.5,%RH C      ,21.6,TA Temp C  ,19.5,TG Temp C  ,15.8,WET Temp C ,12.3,DP Temp C  
1377,16/02/2022,16:08:08,16.9,WBGT Temp C,55.5,%RH C      ,21.6,TA Temp C  ,19.5,TG Temp C  ,15.8,WET Temp C ,12.3,DP Temp C  
1378,16/02/2022,16:08:09,16.9,WBGT Temp C,55.5,%RH C      ,21.6,TA Temp C  ,19.5,TG Temp C  ,15.8,WET Temp C ,12.3,DP Temp C  
1379,16/02/2022,16:08:10,16.9,WBGT Temp C,55.4,%RH C      ,21.6,TA Temp C  ,19.5,TG Temp C  ,15.8,WET Temp C ,12.2,DP Temp C  
1380,16/02/2022,16:08:11,16.9,WBGT Temp C,55.4,%RH C      ,21.6,TA Temp C  ,19.5,TG Temp C  ,15.8,WET Temp C ,12.2,DP Temp C  
1381,16/02/2022,16:08:12,16.9,WBGT Temp C,55.4,%RH C      ,21.6,TA Temp C  ,19.5,TG Temp C  ,15.8,WET Temp C ,12.2,DP Temp C  
1382,16/02/2022,16:08:13,16.9,WBGT Temp C,55.4,%RH C      ,21.6,TA Temp C  ,19.5,TG Temp C  ,15.8,WET Temp C ,12.2,DP Temp C  
1383,16/02/2022,16:08:14,16.9,WBGT Temp C,55.3,%RH C      ,21.6,TA Temp C  ,19.5,TG Temp C  ,15.8,WET Temp C ,12.2,DP Temp C  
1384,16/02/2022,16:08:15,16.9,WBGT Temp C,55.3,%RH C      ,21.6,TA Temp C  ,19.5,TG Temp C  ,15.8,WET Temp C ,12.2,DP Temp C  
1385,16/02/2022,16:08:16,16.9,WBGT Temp C,55.3,%RH C      ,21.6,TA Temp C  ,19.5,TG Temp C  ,15.8,WET Temp C ,12.2,DP Temp C  
1386,16/02/2022,16:08:17,16.9,WBGT Temp C,55.3,%RH C      ,21.6,TA Temp C  ,19.5,TG Temp C  ,15.8,WET Temp C ,12.2,DP Temp C  
1387,16/02/2022,16:08:18,16.8,WBGT Temp C,55.2,%RH C      ,21.6,TA Temp C  ,19.5,TG Temp C  ,15.7,WET Temp C ,12.2,DP Temp C  
1388,16/02/2022,16:08:19,16.8,WBGT Temp C,55.2,%RH C      ,21.6,TA Temp C  ,19.5,TG Temp C  ,15.7,WET Temp C ,12.2,DP Temp C  
1389,16/02/2022,16:08:20,16.8,WBGT Temp C,55.2,%RH C      ,21.6,TA Temp C  ,19.5,TG Temp C  ,15.7,WET Temp C ,12.2,DP Temp C  
1390,16/02/2022,16:08:21,16.8,WBGT Temp C,55.1,%RH C      ,21.6,TA Temp C  ,19.5,TG Temp C  ,15.7,WET Temp C ,12.2,DP Temp C  
1391,16/02/2022,16:08:22,16.8,WBGT Temp C,55.1,%RH C      ,21.6,TA Temp C  ,19.5,TG Temp C  ,15.7,WET Temp C ,12.2,DP Temp C  
1392,16/02/2022,16:08:23,16.8,WBGT Temp C,55.1,%RH C      ,21.6,TA Temp C  ,19.5,TG Temp C  ,15.7,WET Temp C ,12.2,DP Temp C  
1393,16/02/2022,16:08:24,16.8,WBGT Temp C,55.1,%RH C      ,21.6,TA Temp C  ,19.5,TG Temp C  ,15.7,WET Temp C ,12.2,DP Temp C  
1394,16/02/2022,16:08:25,16.8,WBGT Temp C,55.2,%RH C      ,21.6,TA Temp C  ,19.5,TG Temp C  ,15.7,WET Temp C ,12.2,DP Temp C  
1395,16/02/2022,16:08:26,16.8,WBGT Temp C,55.2,%RH C      ,21.6,TA Temp C  ,19.5,TG Temp C  ,15.7,WET Temp C ,12.2,DP Temp C  
1396,16/02/2022,16:08:27,16.8,WBGT Temp C,55.2,%RH C      ,21.6,TA Temp C  ,19.6,TG Temp C  ,15.7,WET Temp C ,12.2,DP Temp C  
1397,16/02/2022,16:08:28,16.8,WBGT Temp C,55.2,%RH C      ,21.6,TA Temp C  ,19.6,TG Temp C  ,15.7,WET Temp C ,12.2,DP Temp C  
1398,16/02/2022,16:08:29,16.8,WBGT Temp C,55.2,%RH C      ,21.6,TA Temp C  ,19.6,TG Temp C  ,15.7,WET Temp C ,12.2,DP Temp C  
1399,16/02/2022,16:08:30,16.8,WBGT Temp C,55.2,%RH C      ,21.6,TA Temp C  ,19.6,TG Temp C  ,15.7,WET Temp C ,12.2,DP Temp C  
1400,16/02/2022,16:08:31,16.8,WBGT Temp C,55.2,%RH C      ,21.6,TA Temp C  ,19.6,TG Temp C  ,15.7,WET Temp C ,12.2,DP Temp C  
1401,16/02/2022,16:08:32,16.8,WBGT Temp C,55.1,%RH C      ,21.6,TA Temp C  ,19.6,TG Temp C  ,15.7,WET Temp C ,12.2,DP Temp C  
1402,16/02/2022,16:08:33,16.8,WBGT Temp C,55.1,%RH C      ,21.6,TA Temp C  ,19.6,TG Temp C  ,15.7,WET Temp C ,12.2,DP Temp C  
1403,16/02/2022,16:08:34,16.8,WBGT Temp C,55.1,%RH C      ,21.6,TA Temp C  ,19.6,TG Temp C  ,15.7,WET Temp C ,12.2,DP Temp C  
1404,16/02/2022,16:08:35,16.8,WBGT Temp C,55.1,%RH C      ,21.6,TA Temp C  ,19.6,TG Temp C  ,15.7,WET Temp C ,12.2,DP Temp C  
1405,16/02/2022,16:08:36,16.8,WBGT Temp C,55.1,%RH C      ,21.6,TA Temp C  ,19.6,TG Temp C  ,15.7,WET Temp C ,12.2,DP Temp C  
1406,16/02/2022,16:08:37,16.8,WBGT Temp C,55.2,%RH C      ,21.6,TA Temp C  ,19.6,TG Temp C  ,15.7,WET Temp C ,12.2,DP Temp C  
1407,16/02/2022,16:08:38,16.8,WBGT Temp C,55.2,%RH C      ,21.6,TA Temp C  ,19.6,TG Temp C  ,15.7,WET Temp C ,12.2,DP Temp C  
1408,16/02/2022,16:08:39,16.8,WBGT Temp C,55.2,%RH C      ,21.6,TA Temp C  ,19.6,TG Temp C  ,15.7,WET Temp C ,12.2,DP Temp C  
1409,16/02/2022,16:08:40,16.9,WBGT Temp C,55.2,%RH C      ,21.6,TA Temp C  ,19.6,TG Temp C  ,15.7,WET Temp C ,12.2,DP Temp C  
1410,16/02/2022,16:08:41,16.9,WBGT Temp C,55.2,%RH C      ,21.6,TA Temp C  ,19.6,TG Temp C  ,15.7,WET Temp C ,12.2,DP Temp C  
1411,16/02/2022,16:08:42,16.9,WBGT Temp C,55.2,%RH C      ,21.6,TA Temp C  ,19.7,TG Temp C  ,15.7,WET Temp C ,12.2,DP Temp C  
1412,16/02/2022,16:08:43,16.9,WBGT Temp C,55.3,%RH C      ,21.6,TA Temp C  ,19.7,TG Temp C  ,15.7,WET Temp C ,12.2,DP Temp C  
1413,16/02/2022,16:08:44,16.9,WBGT Temp C,55.3,%RH C      ,21.6,TA Temp C  ,19.7,TG Temp C  ,15.8,WET Temp C ,12.2,DP Temp C  
1414,16/02/2022,16:08:45,16.9,WBGT Temp C,55.4,%RH C      ,21.6,TA Temp C  ,19.7,TG Temp C  ,15.8,WET Temp C ,12.2,DP Temp C  
1415,16/02/2022,16:08:46,16.9,WBGT Temp C,55.4,%RH C      ,21.6,TA Temp C  ,19.7,TG Temp C  ,15.8,WET Temp C ,12.2,DP Temp C  
1416,16/02/2022,16:08:47,16.9,WBGT Temp C,55.5,%RH C      ,21.6,TA Temp C  ,19.7,TG Temp C  ,15.8,WET Temp C ,12.3,DP Temp C  
1417,16/02/2022,16:08:48,16.9,WBGT Temp C,55.6,%RH C      ,21.6,TA Temp C  ,19.7,TG Temp C  ,15.8,WET Temp C ,12.3,DP Temp C  
1418,16/02/2022,16:08:49,16.9,WBGT Temp C,55.6,%RH C      ,21.6,TA Temp C  ,19.7,TG Temp C  ,15.8,WET Temp C ,12.3,DP Temp C  
1419,16/02/2022,16:08:50,16.9,WBGT Temp C,55.6,%RH C      ,21.6,TA Temp C  ,19.7,TG Temp C  ,15.8,WET Temp C ,12.3,DP Temp C  
1420,16/02/2022,16:08:51,16.9,WBGT Temp C,55.6,%RH C      ,21.6,TA Temp C  ,19.7,TG Temp C  ,15.8,WET Temp C ,12.3,DP Temp C  
1421,16/02/2022,16:08:52,16.9,WBGT Temp C,55.6,%RH C      ,21.6,TA Temp C  ,19.7,TG Temp C  ,15.8,WET Temp C ,12.3,DP Temp C  
1422,16/02/2022,16:08:53,16.9,WBGT Temp C,55.6,%RH C      ,21.6,TA Temp C  ,19.7,TG Temp C  ,15.8,WET Temp C ,12.3,DP Temp C  
1423,16/02/2022,16:08:54,16.9,WBGT Temp C,55.6,%RH C      ,21.6,TA Temp C  ,19.7,TG Temp C  ,15.8,WET Temp C ,12.3,DP Temp C  
1424,16/02/2022,16:08:55,16.9,WBGT Temp C,55.6,%RH C      ,21.6,TA Temp C  ,19.7,TG Temp C  ,15.8,WET Temp C ,12.3,DP Temp C  
1425,16/02/2022,16:08:56,16.9,WBGT Temp C,55.6,%RH C      ,21.6,TA Temp C  ,19.7,TG Temp C  ,15.8,WET Temp C ,12.3,DP Temp C  
1426,16/02/2022,16:08:57,16.9,WBGT Temp C,55.6,%RH C      ,21.6,TA Temp C  ,19.7,TG Temp C  ,15.8,WET Temp C ,12.3,DP Temp C  
1427,16/02/2022,16:08:58,16.9,WBGT Temp C,55.6,%RH C      ,21.6,TA Temp C  ,19.7,TG Temp C  ,15.8,WET Temp C ,12.3,DP Temp C  
1428,16/02/2022,16:08:59,16.9,WBGT Temp C,55.7,%RH C      ,21.6,TA Temp C  ,19.7,TG Temp C  ,15.8,WET Temp C ,12.3,DP Temp C  
1429,16/02/2022,16:09:00,16.9,WBGT Temp C,55.7,%RH C      ,21.6,TA Temp C  ,19.7,TG Temp C  ,15.8,WET Temp C ,12.3,DP Temp C  
1430,16/02/2022,16:09:01,16.9,WBGT Temp C,55.6,%RH C      ,21.6,TA Temp C  ,19.7,TG Temp C  ,15.8,WET Temp C ,12.3,DP Temp C  
1431,16/02/2022,16:09:02,16.9,WBGT Temp C,55.6,%RH C      ,21.6,TA Temp C  ,19.7,TG Temp C  ,15.8,WET Temp C ,12.3,DP Temp C  
1432,16/02/2022,16:09:03,16.9,WBGT Temp C,55.8,%RH C      ,21.6,TA Temp C  ,19.7,TG Temp C  ,15.8,WET Temp C ,12.3,DP Temp C  
1433,16/02/2022,16:09:04,16.9,WBGT Temp C,55.8,%RH C      ,21.6,TA Temp C  ,19.7,TG Temp C  ,15.8,WET Temp C ,12.3,DP Temp C  
1434,16/02/2022,16:09:05,17,WBGT Temp C,56.2,%RH C      ,21.6,TA Temp C  ,19.7,TG Temp C  ,15.9,WET Temp C ,12.5,DP Temp C  
1435,16/02/2022,16:09:06,17,WBGT Temp C,56.4,%RH C      ,21.6,TA Temp C  ,19.7,TG Temp C  ,15.9,WET Temp C ,12.5,DP Temp C  
1436,16/02/2022,16:09:07,17,WBGT Temp C,56.4,%RH C      ,21.6,TA Temp C  ,19.7,TG Temp C  ,15.9,WET Temp C ,12.5,DP Temp C  
1437,16/02/2022,16:09:08,17,WBGT Temp C,56.6,%RH C      ,21.6,TA Temp C  ,19.8,TG Temp C  ,15.9,WET Temp C ,12.6,DP Temp C  
1438,16/02/2022,16:09:09,17,WBGT Temp C,56.6,%RH C      ,21.6,TA Temp C  ,19.8,TG Temp C  ,15.9,WET Temp C ,12.6,DP Temp C  
1439,16/02/2022,16:09:10,17.1,WBGT Temp C,56.7,%RH C      ,21.6,TA Temp C  ,19.8,TG Temp C  ,16,WET Temp C ,12.6,DP Temp C  
1440,16/02/2022,16:09:11,17.1,WBGT Temp C,56.7,%RH C      ,21.6,TA Temp C  ,19.8,TG Temp C  ,16,WET Temp C ,12.6,DP Temp C  
1441,16/02/2022,16:09:12,17.1,WBGT Temp C,56.8,%RH C      ,21.6,TA Temp C  ,19.8,TG Temp C  ,16,WET Temp C ,12.6,DP Temp C  
1442,16/02/2022,16:09:13,17.1,WBGT Temp C,56.9,%RH C      ,21.6,TA Temp C  ,19.8,TG Temp C  ,16,WET Temp C ,12.6,DP Temp C  
1443,16/02/2022,16:09:14,17.1,WBGT Temp C,56.9,%RH C      ,21.6,TA Temp C  ,19.8,TG Temp C  ,16,WET Temp C ,12.6,DP Temp C  
1444,16/02/2022,16:09:15,17.1,WBGT Temp C,56.8,%RH C      ,21.6,TA Temp C  ,19.8,TG Temp C  ,16,WET Temp C ,12.6,DP Temp C  
1445,16/02/2022,16:09:16,17.1,WBGT Temp C,56.8,%RH C      ,21.6,TA Temp C  ,19.8,TG Temp C  ,16,WET Temp C ,12.6,DP Temp C  
1446,16/02/2022,16:09:17,17.1,WBGT Temp C,56.7,%RH C      ,21.6,TA Temp C  ,19.8,TG Temp C  ,16,WET Temp C ,12.6,DP Temp C  
1447,16/02/2022,16:09:18,17.1,WBGT Temp C,56.6,%RH C      ,21.6,TA Temp C  ,19.9,TG Temp C  ,16,WET Temp C ,12.6,DP Temp C  
1448,16/02/2022,16:09:19,17.1,WBGT Temp C,56.6,%RH C      ,21.6,TA Temp C  ,19.9,TG Temp C  ,15.9,WET Temp C ,12.6,DP Temp C  
1449,16/02/2022,16:09:20,17.1,WBGT Temp C,56.5,%RH C      ,21.6,TA Temp C  ,19.9,TG Temp C  ,15.9,WET Temp C ,12.6,DP Temp C  
1450,16/02/2022,16:09:29,17.3,WBGT Temp C,57.1,%RH C      ,21.7,TA Temp C  ,20,TG Temp C  ,16.1,WET Temp C ,12.8,DP Temp C  
1451,16/02/2022,16:09:31,17.3,WBGT Temp C,57.1,%RH C      ,21.7,TA Temp C  ,20.1,TG Temp C  ,16.1,WET Temp C ,12.8,DP Temp C  
1452,16/02/2022,16:09:32,17.3,WBGT Temp C,56.8,%RH C      ,21.7,TA Temp C  ,20.1,TG Temp C  ,16.1,WET Temp C ,12.7,DP Temp C  
1453,16/02/2022,16:09:33,17.3,WBGT Temp C,56.6,%RH C      ,21.7,TA Temp C  ,20.1,TG Temp C  ,16.1,WET Temp C ,12.7,DP Temp C  
1454,16/02/2022,16:09:34,17.2,WBGT Temp C,56.6,%RH C      ,21.7,TA Temp C  ,20.1,TG Temp C  ,16,WET Temp C ,12.7,DP Temp C  
1455,16/02/2022,16:09:35,17.2,WBGT Temp C,56.6,%RH C      ,21.7,TA Temp C  ,20.1,TG Temp C  ,16,WET Temp C ,12.7,DP Temp C  
1456,16/02/2022,16:09:36,17.2,WBGT Temp C,56.6,%RH C      ,21.7,TA Temp C  ,20.1,TG Temp C  ,16,WET Temp C ,12.7,DP Temp C  
1457,16/02/2022,16:09:37,17.2,WBGT Temp C,56.5,%RH C      ,21.7,TA Temp C  ,20.2,TG Temp C  ,16,WET Temp C ,12.6,DP Temp C  
1458,16/02/2022,16:09:38,17.2,WBGT Temp C,56.5,%RH C      ,21.7,TA Temp C  ,20.2,TG Temp C  ,16,WET Temp C ,12.6,DP Temp C  
1459,16/02/2022,16:09:39,17.2,WBGT Temp C,56.4,%RH C      ,21.7,TA Temp C  ,20.2,TG Temp C  ,16,WET Temp C ,12.6,DP Temp C  
1460,16/02/2022,16:09:40,17.2,WBGT Temp C,56.4,%RH C      ,21.7,TA Temp C  ,20.2,TG Temp C  ,16,WET Temp C ,12.6,DP Temp C  
1461,16/02/2022,16:09:41,17.2,WBGT Temp C,56.4,%RH C      ,21.7,TA Temp C  ,20.2,TG Temp C  ,16,WET Temp C ,12.6,DP Temp C  
1462,16/02/2022,16:09:42,17.2,WBGT Temp C,56.4,%RH C      ,21.7,TA Temp C  ,20.2,TG Temp C  ,16,WET Temp C ,12.6,DP Temp C  
1463,16/02/2022,16:09:43,17.2,WBGT Temp C,56.4,%RH C      ,21.6,TA Temp C  ,20.2,TG Temp C  ,16,WET Temp C ,12.6,DP Temp C  
1464,16/02/2022,16:09:44,17.2,WBGT Temp C,56.3,%RH C      ,21.6,TA Temp C  ,20.2,TG Temp C  ,15.9,WET Temp C ,12.5,DP Temp C  
1465,16/02/2022,16:09:45,17.2,WBGT Temp C,56.3,%RH C      ,21.7,TA Temp C  ,20.2,TG Temp C  ,15.9,WET Temp C ,12.5,DP Temp C  
1466,16/02/2022,16:09:46,17.2,WBGT Temp C,56.3,%RH C      ,21.7,TA Temp C  ,20.3,TG Temp C  ,16,WET Temp C ,12.6,DP Temp C  
1467,16/02/2022,16:09:47,17.2,WBGT Temp C,56.2,%RH C      ,21.6,TA Temp C  ,20.3,TG Temp C  ,16,WET Temp C ,12.5,DP Temp C  
1468,16/02/2022,16:09:48,17.2,WBGT Temp C,56.2,%RH C      ,21.6,TA Temp C  ,20.3,TG Temp C  ,15.9,WET Temp C ,12.5,DP Temp C  
1469,16/02/2022,16:09:49,17.2,WBGT Temp C,56.1,%RH C      ,21.6,TA Temp C  ,20.3,TG Temp C  ,15.9,WET Temp C ,12.4,DP Temp C  